class,filename,height,width,xmax,xmin,ymax,ymin
lamp,lamp00038.jpg,640,480,0.9791666666666666,0.24583333333333332,0.6625,0.1828125
mug,mug_00052.jpg,400,600,0.73,0.19833333333333333,0.9,0.205
notebook,notebook00035.jpg,2848,4272,0.846441947565543,0.17298689138576778,0.9487359550561798,0.11973314606741572
laptop,laptop00059.jpg,1996,3000,0.885,0.05,0.9458917835671342,0.0966933867735471
pen,pen_00038.jpg,1200,1600,0.85375,0.140625,0.6466666666666666,0.11166666666666666
pen,pen_00038.jpg,1200,1600,0.96375,0.060625,0.9208333333333333,0.2925
ruler,ruler00030.jpg,250,330,1.0,0.0030303030303030303,0.568,0.424
paper_clip,paperclip00027.jpg,2304,3456,0.8732638888888888,0.14033564814814814,0.9092881944444444,0.2504340277777778
paper_clip,paperclip00056.jpg,204,120,0.49166666666666664,0.175,0.8529411764705882,0.10784313725490197
postit_notes,postitnotes_00024.jpg,1697,2546,0.4964650432050275,0.19442262372348781,0.7195050088391278,0.002357100766057749
postit_notes,postitnotes_00024.jpg,1697,2546,0.7619795758051846,0.48153967007069914,0.7206835592221568,0.0005892751915144372
postit_notes,postitnotes_00024.jpg,1697,2546,1.0,0.7631578947368421,0.6941661756040071,0.0005892751915144372
postit_notes,postitnotes_00024.jpg,1697,2546,0.24666142969363708,0.00039277297721916735,0.7307012374779022,0.0005892751915144372
mug,mug_00039.jpg,764,530,0.7169811320754716,0.27547169811320754,0.6007853403141361,0.08769633507853403
calculator,calculator00058.jpg,525,700,1.0,0.0014285714285714286,0.9961904761904762,0.0038095238095238095
ruler,ruler00024.jpg,235,500,0.948,0.034,0.8978723404255319,0.5063829787234042
mug,mug_00004.jpg,398,530,0.7490566037735849,0.22075471698113208,0.7663316582914573,0.12562814070351758
ruler,ruler00004.jpg,512,387,0.9948320413436692,0.023255813953488372,0.998046875,0.025390625
laptop,mug_00001.jpg,450,450,0.74,0.04888888888888889,0.8333333333333334,0.20222222222222222
pen,mug_00001.jpg,450,450,0.8622222222222222,0.5066666666666667,0.6755555555555556,0.46444444444444444
scissors,scissors00055.jpg,97,200,0.975,0.015,0.8969072164948454,0.07216494845360824
mug,mug_00018.jpg,1974,1974,0.8495440729483282,0.07396149949341439,0.9508611955420466,0.20415400202634246
notebook,notebook00011.jpg,697,530,0.8867924528301887,0.09622641509433963,0.9311334289813487,0.4146341463414634
notebook,notebook00011.jpg,697,530,0.8924528301886793,0.330188679245283,0.40746054519368724,0.07890961262553801
lamp,lamp00045.jpg,613,1200,0.2966666666666667,0.06,0.9119086460032626,0.08319738988580751
lamp,lamp00045.jpg,613,1200,0.6275,0.41083333333333333,0.9021207177814029,0.08319738988580751
lamp,lamp00045.jpg,613,1200,0.96,0.7641666666666667,0.9102773246329527,0.09951060358890701
lamp,lamp00015.jpg,566,550,0.49454545454545457,0.023636363636363636,0.9664310954063604,0.5865724381625441
lamp,lamp00015.jpg,566,550,0.9472727272727273,0.6054545454545455,0.9876325088339223,0.5600706713780919
lamp,lamp00015.jpg,566,550,0.4618181818181818,0.12181818181818181,0.5247349823321554,0.061837455830388695
lamp,lamp00015.jpg,566,550,0.9054545454545454,0.5963636363636363,0.49646643109540634,0.07243816254416961
mug,mug_00021.jpg,1600,1200,0.5483333333333333,0.019166666666666665,0.7775,0.264375
laptop,laptop00053.jpg,656,886,0.9988713318284425,0.006772009029345372,0.9923780487804879,0.001524390243902439
laptop,laptop00017.jpg,1935,2387,0.8236279849183075,0.13866778382907416,0.9142118863049096,0.10387596899224806
paper_clip,paperclip00019.jpg,1200,1600,0.181875,0.02125,0.965,0.565
paper_clip,paperclip00019.jpg,1200,1600,0.423125,0.190625,0.7625,0.5975
paper_clip,paperclip00019.jpg,1200,1600,0.840625,0.699375,0.5958333333333333,0.31333333333333335
paper_clip,paperclip00019.jpg,1200,1600,0.84875,0.610625,0.9441666666666667,0.655
paper_clip,paperclip00019.jpg,1200,1600,0.403125,0.091875,0.5491666666666667,0.030833333333333334
paper_clip,paperclip00019.jpg,1200,1600,0.610625,0.409375,0.8283333333333334,0.38416666666666666
paper_clip,paperclip00019.jpg,1200,1600,0.701875,0.57125,0.7508333333333334,0.5
paper_clip,paperclip00023.jpg,2304,3456,0.8917824074074074,0.11487268518518519,0.9092881944444444,0.21744791666666666
notebook,notebook00024.jpg,4451,2967,0.9619143916413886,0.045837546343107514,0.7623006066052572,0.17164682093911482
mug,mug_00006.jpg,186,240,0.9875,0.2,0.9408602150537635,0.06989247311827956
postit_notes,postitnotes_00036.jpg,480,640,0.8203125,0.20625,0.8375,0.22708333333333333
scissors,scissors00049.jpg,163,250,0.936,0.08,0.9754601226993865,0.006134969325153374
calculator,calculator00006.jpg,300,300,0.7733333333333333,0.24,1.0,0.0033333333333333335
mug,mug_00049.jpg,500,450,0.8911111111111111,0.02,0.774,0.078
pen,mug_00049.jpg,500,450,0.9466666666666667,0.7155555555555555,0.888,0.644
notebook,notebook00003.jpg,175,175,0.8685714285714285,0.14285714285714285,0.9885714285714285,0.017142857142857144
lamp,lamp00041.jpg,366,300,0.9066666666666666,0.09333333333333334,0.9918032786885246,0.01366120218579235
notebook,notebook00026.jpg,480,640,0.990625,0.0015625,0.9770833333333333,0.029166666666666667
postit_notes,postitnotes_00015.jpg,1536,2048,0.98681640625,0.50048828125,0.939453125,0.255859375
postit_notes,postitnotes_00015.jpg,1536,2048,0.80029296875,0.31884765625,0.5657552083333334,0.046223958333333336
postit_notes,postitnotes_00015.jpg,1536,2048,0.52197265625,0.17919921875,0.5826822916666666,0.099609375
postit_notes,postitnotes_00015.jpg,1536,2048,0.43798828125,0.03271484375,0.798828125,0.248046875
postit_notes,postitnotes_00015.jpg,1536,2048,0.63134765625,0.27197265625,0.955078125,0.5657552083333334
mug,mug_00002.jpg,1063,1200,1.0,0.4683333333333333,0.9623706491063029,0.2718720602069614
pen,pen_00007.jpg,1920,2560,0.344921875,0.258203125,0.9328125,0.0890625
pen,pen_00007.jpg,1920,2560,0.462109375,0.403515625,0.9755208333333333,0.08645833333333333
pen,pen_00007.jpg,1920,2560,0.58125,0.53046875,0.9,0.103125
pen,pen_00007.jpg,1920,2560,0.684765625,0.62421875,0.8635416666666667,0.071875
paper_clip,paperclip00030.jpg,400,374,0.7245989304812834,0.5588235294117647,0.495,0.3925
paper_clip,paperclip00030.jpg,400,374,0.6283422459893048,0.46524064171123,0.61,0.5275
paper_clip,paperclip00030.jpg,400,374,0.5320855614973262,0.4037433155080214,0.4275,0.21
paper_clip,paperclip00030.jpg,400,374,0.42245989304812837,0.24331550802139038,0.4,0.21
paper_clip,paperclip00030.jpg,400,374,0.713903743315508,0.5561497326203209,0.3775,0.1975
paper_clip,paperclip00030.jpg,400,374,0.4385026737967914,0.25935828877005346,0.53,0.415
paper_clip,paperclip00030.jpg,400,374,0.56951871657754,0.40641711229946526,0.5725,0.445
laptop,laptop00020.jpg,960,1280,0.82890625,0.015625,0.9864583333333333,0.08125
notebook,pen_00064.jpg,565,850,0.9505882352941176,0.06705882352941177,0.5469026548672566,0.11150442477876106
pen,pen_00053.jpg,606,640,0.9734375,0.2625,0.6039603960396039,0.0016501650165016502
scissors,scissors00041.jpg,400,600,0.9816666666666667,0.41333333333333333,0.89,0.1325
postit_notes,postitnotes_00032.jpg,299,400,0.9425,0.1025,1.0,0.0033444816053511705
notebook,notebook00053.jpg,968,1296,0.9938271604938271,0.005401234567901234,0.8966942148760331,0.03409090909090909
scissors,scissors00077.jpg,569,600,0.8966666666666666,0.028333333333333332,0.9666080843585237,0.012302284710017574
scissors,scissors00033.jpg,399,330,0.9454545454545454,0.05757575757575758,0.9323308270676691,0.07268170426065163
laptop,laptop00064.jpg,449,500,0.97,0.04,0.9710467706013363,0.0378619153674833
postit_notes,postitnotes_00037.jpg,472,628,0.8598726114649682,0.12420382165605096,0.7648305084745762,0.1016949152542373
laptop,laptop00058.jpg,1170,1298,1.0,0.009244992295839754,0.9871794871794872,0.002564102564102564
ruler,ruler00038.jpg,453,640,0.9859375,0.00625,0.977924944812362,0.002207505518763797
scissors,scissors00061.jpg,768,1024,0.861328125,0.05859375,0.7760416666666666,0.34765625
mug,mug_00030.jpg,520,520,1.0,0.032692307692307694,0.9576923076923077,0.026923076923076925
calculator,calculator00029.jpg,4594,2701,0.9833395038874491,0.027767493520918177,0.9712668698302134,0.006747932085328689
calculator,calculator00015.jpg,533,640,0.821875,0.075,0.8667917448405253,0.07317073170731707
pen,pen_00049.jpg,533,640,0.9453125,0.0515625,0.9681050656660413,0.03564727954971857
ruler,ruler00003.jpg,500,500,0.996,0.006,0.982,0.002
pen,pen_00042.jpg,1335,2348,0.9442078364565588,0.17504258943781942,0.752059925093633,0.1647940074906367
scissors,scissors00076.jpg,388,393,0.6692111959287532,0.005089058524173028,0.7216494845360825,0.002577319587628866
scissors,scissors00076.jpg,388,393,0.989821882951654,0.22900763358778625,0.7216494845360825,0.15463917525773196
scissors,scissors00076.jpg,388,393,1.0,0.10941475826972011,0.9871134020618557,0.6314432989690721
pen,pen_00028.jpg,1424,2144,0.8577425373134329,0.14225746268656717,0.8377808988764045,0.288623595505618
lamp,lamp00053.jpg,460,460,0.7934782608695652,0.20652173913043478,0.9847826086956522,0.004347826086956522
notebook,notebook00052.jpg,188,250,0.512,0.124,0.9787234042553191,0.35106382978723405
notebook,notebook00052.jpg,188,250,0.876,0.516,0.8882978723404256,0.26595744680851063
notebook,notebook00052.jpg,188,250,0.668,0.268,0.7925531914893617,0.026595744680851064
paper_clip,paperclip00044.jpg,275,470,0.9425531914893617,0.04468085106382979,0.7490909090909091,0.24363636363636362
calculator,calculator00010.jpg,600,621,0.5185185185185185,0.01610305958132045,1.0,0.0033333333333333335
laptop,laptop00044.jpg,671,500,0.54,0.024,0.9076005961251863,0.6810730253353204
laptop,laptop00044.jpg,671,500,0.96,0.578,0.9746646795827124,0.6333830104321908
laptop,laptop00044.jpg,671,500,0.442,0.05,0.6125186289120715,0.33979135618479883
laptop,laptop00044.jpg,671,500,0.832,0.528,0.5991058122205664,0.3293591654247392
laptop,laptop00044.jpg,671,500,0.956,0.524,0.30402384500745155,0.0014903129657228018
scissors,scissors00028.jpg,2729,3274,0.9486866218692731,0.03451435552840562,0.9508977647489923,0.08831073653352876
paper_clip,paperclip00062.jpg,500,481,0.7234927234927235,0.2079002079002079,0.77,0.604
postit_notes,postitnotes_00008.jpg,3000,4000,0.8295,0.1775,0.8446666666666667,0.054
notebook,notebook00040.jpg,275,335,1.0,0.0029850746268656717,0.9890909090909091,0.0036363636363636364
paper_clip,paperclip00063.jpg,360,360,0.8305555555555556,0.1638888888888889,0.8527777777777777,0.16666666666666666
pen,pen_00019.jpg,1682,2512,0.7117834394904459,0.039410828025477705,0.7455410225921522,0.2253269916765755
scissors,scissors00032.jpg,2448,3264,0.9647671568627451,0.05575980392156863,0.9338235294117647,0.32230392156862747
lamp,lamp00058.jpg,460,460,0.7195652173913043,0.26521739130434785,0.991304347826087,0.002173913043478261
calculator,calculator00022.jpg,4720,2542,1.0,0.010621557828481511,0.9923728813559322,0.004025423728813559
paper_clip,paperclip00046.jpg,281,468,0.9572649572649573,0.05982905982905983,0.7793594306049823,0.501779359430605
lamp,lamp00048.jpg,585,550,0.9454545454545454,0.4290909090909091,0.8461538461538461,0.27692307692307694
laptop,lamp00048.jpg,585,550,0.3836363636363636,0.0036363636363636364,0.882051282051282,0.4905982905982906
laptop,laptop00025.jpg,768,1024,0.671875,0.0380859375,0.921875,0.08463541666666667
postit_notes,postitnotes_00013.jpg,600,800,0.93,0.06375,0.8416666666666667,0.12833333333333333
scissors,scissors00072.jpg,431,823,0.9866342648845686,0.013365735115431349,0.9002320185614849,0.013921113689095127
lamp,lamp00049.jpg,741,550,0.9763636363636363,0.34545454545454546,0.9082321187584346,0.02564102564102564
ruler,ruler00039.jpg,414,600,1.0,0.2733333333333333,0.9637681159420289,0.1642512077294686
calculator,calculator00030.jpg,681,1024,0.5419921875,0.16015625,0.9926578560939795,0.033773861967694566
scissors,scissors00012.jpg,2250,3000,0.8533333333333334,0.072,0.8075555555555556,0.248
laptop,laptop00051.jpg,603,800,0.68625,0.15375,0.75787728026534,0.1310116086235489
mug,laptop00051.jpg,603,800,0.75125,0.61875,0.5373134328358209,0.373134328358209
paper_clip,paperclip00049.jpg,108,140,0.9642857142857143,0.02142857142857143,0.7037037037037037,0.32407407407407407
scissors,scissors00053.jpg,1071,1600,0.983125,0.03625,0.9187675070028011,0.3211951447245565
lamp,lamp00003.jpg,460,460,0.7565217391304347,0.2108695652173913,0.9782608695652174,0.002173913043478261
scissors,scissors00002.jpg,360,360,0.7666666666666667,0.002777777777777778,0.8916666666666667,0.07777777777777778
postit_notes,postitnotes_00064.jpg,397,595,0.35294117647058826,0.10084033613445378,0.491183879093199,0.12594458438287154
postit_notes,postitnotes_00064.jpg,397,595,0.46554621848739497,0.21008403361344538,0.9193954659949622,0.5390428211586902
postit_notes,postitnotes_00064.jpg,397,595,0.7529411764705882,0.4907563025210084,0.9319899244332494,0.5465994962216625
postit_notes,postitnotes_00064.jpg,397,595,0.8773109243697479,0.6168067226890757,0.47858942065491183,0.10327455919395466
postit_notes,postitnotes_00064.jpg,397,595,0.6100840336134454,0.3495798319327731,0.5037783375314862,0.11335012594458438
calculator,calculator00026.jpg,2315,1152,0.9678819444444444,0.020833333333333332,0.978401727861771,0.013822894168466522
lamp,lamp00062.jpg,600,600,0.8466666666666667,0.33166666666666667,0.845,0.18833333333333332
pen,pen_00008.jpg,1224,1632,0.9497549019607843,0.00428921568627451,0.5637254901960784,0.42892156862745096
mug,mug_00025.jpg,202,400,0.3475,0.0075,0.9554455445544554,0.15841584158415842
mug,mug_00025.jpg,202,400,0.6725,0.345,0.9702970297029703,0.18811881188118812
mug,mug_00025.jpg,202,400,1.0,0.6725,0.9603960396039604,0.15346534653465346
mug,mug_00017.jpg,2131,1560,0.9737179487179487,0.0391025641025641,0.9605818864382919,0.03894885030502112
ruler,ruler00020.jpg,960,1280,1.0,0.21328125,0.76875,0.25833333333333336
lamp,lamp00040.jpg,640,640,0.68125,0.234375,0.8453125,0.1171875
calculator,calculator00048.jpg,1800,1800,0.9661111111111111,0.04388888888888889,0.945,0.026111111111111113
mug,mug_00019.jpg,887,1205,0.416597510373444,0.06639004149377593,0.9041713641488163,0.2649379932356257
mug,mug_00019.jpg,887,1205,0.9975103734439834,0.5004149377593361,0.9165727170236753,0.2570462232243517
scissors,scissors00067.jpg,308,454,0.8832599118942731,0.08370044052863436,0.935064935064935,0.17207792207792208
postit_notes,postitnotes_00025.jpg,426,640,0.578125,0.353125,0.5305164319248826,0.17370892018779344
postit_notes,postitnotes_00025.jpg,426,640,0.590625,0.328125,0.9131455399061033,0.5727699530516432
postit_notes,postitnotes_00025.jpg,426,640,0.784375,0.640625,0.5023474178403756,0.2535211267605634
postit_notes,postitnotes_00025.jpg,426,640,0.725,0.590625,0.784037558685446,0.5023474178403756
postit_notes,postitnotes_00025.jpg,426,640,0.8859375,0.8046875,0.22065727699530516,0.03990610328638498
postit_notes,postitnotes_00025.jpg,426,640,0.940625,0.8890625,0.2793427230046948,0.13145539906103287
postit_notes,postitnotes_00025.jpg,426,640,0.875,0.803125,0.5187793427230047,0.34507042253521125
postit_notes,postitnotes_00025.jpg,426,640,0.8515625,0.771875,0.6901408450704225,0.5305164319248826
postit_notes,postitnotes_00025.jpg,426,640,0.9265625,0.8890625,0.4788732394366197,0.3568075117370892
postit_notes,postitnotes_00025.jpg,426,640,0.9390625,0.9015625,0.10093896713615023,0.002347417840375587
postit_notes,postitnotes_00025.jpg,426,640,0.9890625,0.953125,0.1619718309859155,0.025821596244131457
postit_notes,postitnotes_00025.jpg,426,640,0.975,0.946875,0.27699530516431925,0.1572769953051643
postit_notes,postitnotes_00025.jpg,426,640,0.7859375,0.6828125,0.15023474178403756,0.002347417840375587
postit_notes,postitnotes_00025.jpg,426,640,0.7234375,0.615625,1.0,0.795774647887324
postit_notes,postitnotes_00025.jpg,426,640,0.790625,0.6953125,0.9812206572769953,0.7464788732394366
postit_notes,postitnotes_00025.jpg,426,640,0.85625,0.7796875,0.8849765258215962,0.7253521126760564
postit_notes,postitnotes_00025.jpg,426,640,0.9265625,0.871875,0.6267605633802817,0.5023474178403756
postit_notes,postitnotes_00025.jpg,426,640,0.890625,0.8234375,0.7300469483568075,0.539906103286385
postit_notes,postitnotes_00025.jpg,426,640,0.96875,0.909375,0.7370892018779343,0.6338028169014085
paper_clip,paperclip00031.jpg,326,298,0.674496644295302,0.25838926174496646,0.9171779141104295,0.7331288343558282
paper_clip,paperclip00031.jpg,326,298,0.912751677852349,0.6308724832214765,0.8926380368098159,0.5858895705521472
paper_clip,paperclip00031.jpg,326,298,0.9496644295302014,0.7281879194630873,0.6411042944785276,0.3098159509202454
paper_clip,paperclip00031.jpg,326,298,0.8489932885906041,0.4899328859060403,0.3558282208588957,0.13190184049079753
paper_clip,paperclip00031.jpg,326,298,0.5302013422818792,0.19798657718120805,0.35276073619631904,0.1411042944785276
paper_clip,paperclip00031.jpg,326,298,0.28523489932885904,0.06375838926174497,0.6012269938650306,0.27300613496932513
paper_clip,paperclip00031.jpg,326,298,0.36577181208053694,0.04697986577181208,0.8312883435582822,0.5613496932515337
pen,pen_00047.jpg,1944,2592,0.9494598765432098,0.11342592592592593,0.8852880658436214,0.2613168724279835
pen,pen_00047.jpg,1944,2592,0.8078703703703703,0.062114197530864196,0.6507201646090535,0.0823045267489712
calculator,calculator00064.jpg,347,220,0.9409090909090909,0.03636363636363636,0.9855907780979827,0.023054755043227664
calculator,calculator00046.jpg,550,1280,0.99609375,0.01640625,1.0,0.04909090909090909
pen,pen_00054.jpg,768,1024,0.9931640625,0.0068359375,0.6783854166666666,0.12369791666666667
mug,mug_00035.jpg,730,730,0.9657534246575342,0.10684931506849316,0.9383561643835616,0.08082191780821918
lamp,lamp00019.jpg,1600,1200,0.8766666666666667,0.019166666666666665,0.980625,0.036875
lamp,lamp00026.jpg,500,500,0.808,0.186,0.998,0.002
calculator,calculator00019.jpg,2500,1661,0.9277543648404576,0.052980132450331126,1.0,0.0088
laptop,laptop00006.jpg,400,600,0.9883333333333333,0.011666666666666667,0.91,0.0675
pen,pen_00029.jpg,1424,2144,0.909981343283582,0.18796641791044777,0.8855337078651685,0.26053370786516855
pen,pen_00033.jpg,2000,3008,1.0,0.29720744680851063,0.398,0.195
laptop,laptop00052.jpg,596,1060,0.8150943396226416,0.180188679245283,0.9865771812080537,0.0016778523489932886
ruler,ruler00034.jpg,515,412,1.0,0.0024271844660194173,0.658252427184466,0.001941747572815534
ruler,ruler00034.jpg,515,412,1.0,0.2524271844660194,0.4,0.001941747572815534
mug,mug_00016.jpg,1600,1600,0.828125,0.228125,0.95875,0.2725
lamp,lamp00001.jpg,400,329,0.9148936170212766,0.23100303951367782,0.6375,0.05
mug,mug_00013.jpg,2212,3318,0.3179626280892104,0.0024110910186859553,0.8675406871609403,0.3092224231464738
mug,mug_00013.jpg,2212,3318,0.6901748040988547,0.3508137432188065,0.8476491862567812,0.27034358047016277
mug,mug_00013.jpg,2212,3318,0.9632308619650392,0.6690777576853526,0.7997287522603979,0.29701627486437615
pen,pen_00031.jpg,1781,2372,0.9072512647554806,0.13659359190556492,0.8573834924199888,0.7490174059517125
pen,pen_00031.jpg,1781,2372,0.9080944350758853,0.1239460370994941,0.3750701852891634,0.24705221785513756
calculator,calculator00031.jpg,436,470,0.7723404255319148,0.26382978723404255,0.9518348623853211,0.016055045871559634
notebook,notebook00012.jpg,398,600,0.7616666666666667,0.205,0.964824120603015,0.06532663316582915
pen,pen_00022.jpg,1905,2622,0.935163996948894,0.04538520213577422,0.9154855643044619,0.09658792650918635
laptop,laptop00003.jpg,470,800,0.95375,0.02875,0.9914893617021276,0.002127659574468085
pen,notebook00041.jpg,480,640,0.975,0.115625,0.8729166666666667,0.5375
notebook,notebook00045.jpg,1195,1600,0.8525,0.003125,1.0,0.31213389121338914
notebook,notebook00045.jpg,1195,1600,0.9775,0.05125,0.9966527196652719,0.005857740585774059
pen,notebook00045.jpg,1195,1600,0.681875,0.1275,0.9841004184100418,0.6468619246861924
postit_notes,postitnotes_00049.jpg,425,640,0.8859375,0.1125,0.9341176470588235,0.10588235294117647
laptop,laptop00002.jpg,1200,1600,0.91125,0.1125,0.9908333333333333,0.0008333333333333334
lamp,lamp00059.jpg,545,416,0.9927884615384616,0.2764423076923077,0.9155963302752294,0.25688073394495414
lamp,lamp00059.jpg,545,416,0.5216346153846154,0.019230769230769232,0.8422018348623853,0.07155963302752294
lamp,lamp00059.jpg,545,416,0.8100961538461539,0.4014423076923077,0.7779816513761468,0.326605504587156
mug,mug_00008.jpg,780,780,0.7333333333333333,0.0858974358974359,0.6987179487179487,0.008974358974358974
laptop,laptop00061.jpg,480,640,0.6671875,0.2671875,0.7020833333333333,0.0625
scissors,scissors00064.jpg,640,426,0.8990610328638498,0.04460093896713615,0.984375,0.021875
pen,pen_00058.jpg,407,588,0.9727891156462585,0.0017006802721088435,0.8845208845208845,0.1547911547911548
notebook,notebook00010.jpg,400,600,0.8966666666666666,0.39166666666666666,0.75,0.2075
lamp,lamp00034.jpg,960,1280,0.76796875,0.23671875,0.9916666666666667,0.08854166666666667
laptop,laptop00057.jpg,420,600,0.73,0.03,0.8857142857142857,0.06190476190476191
ruler,ruler00036.jpg,1836,3264,1.0,0.021139705882352942,0.47657952069716775,0.22004357298474944
ruler,ruler00036.jpg,1836,3264,1.0,0.04993872549019608,0.6977124183006536,0.29901960784313725
ruler,ruler00036.jpg,1836,3264,0.7322303921568627,0.00030637254901960784,0.7794117647058824,0.4798474945533769
pen,ruler00036.jpg,1836,3264,0.9359681372549019,0.6917892156862745,0.920479302832244,0.7314814814814815
calculator,calculator00062.jpg,2592,1944,0.8652263374485597,0.25823045267489714,0.9861111111111112,0.01890432098765432
lamp,lamp00046.jpg,460,460,0.8043478260869565,0.18478260869565216,0.9891304347826086,0.004347826086956522
notebook,notebook00068.jpg,600,600,0.8683333333333333,0.10166666666666667,1.0,0.0033333333333333335
mug,mug_00051.jpg,650,730,0.9273972602739726,0.13835616438356163,0.9153846153846154,0.1476923076923077
paper_clip,paperclip00016.jpg,800,800,0.99,0.67875,0.80625,0.23
paper_clip,paperclip00016.jpg,800,800,0.31875,0.00125,0.84,0.24625
paper_clip,paperclip00016.jpg,800,800,0.43875,0.19375,0.81,0.20625
paper_clip,paperclip00016.jpg,800,800,0.5725,0.4025,0.8075,0.17625
paper_clip,paperclip00016.jpg,800,800,0.7625,0.55375,0.8175,0.17625
ruler,ruler00008.jpg,257,300,1.0,0.03,1.0,0.01556420233463035
notebook,notebook00046.jpg,402,600,0.63,0.0016666666666666668,1.0,0.03482587064676617
notebook,notebook00046.jpg,402,600,1.0,0.24833333333333332,0.7686567164179104,0.0024875621890547263
laptop,laptop00032.jpg,1080,2168,1.0,0.00046125461254612545,0.850925925925926,0.013888888888888888
notebook,notebook00018.jpg,2592,1944,0.948559670781893,0.00051440329218107,0.9583333333333334,0.07098765432098765
lamp,lamp00013.jpg,1750,2348,0.9420783645655877,0.034071550255536626,0.8891428571428571,0.15542857142857142
notebook,notebook00064.jpg,580,1000,0.719,0.03,0.9137931034482759,0.24482758620689654
notebook,notebook00019.jpg,500,500,0.674,0.11,0.876,0.428
notebook,notebook00019.jpg,500,500,1.0,0.652,0.558,0.154
notebook,notebook00019.jpg,500,500,0.648,0.002,0.454,0.186
lamp,lamp00060.jpg,483,480,0.89375,0.21041666666666667,0.9772256728778468,0.002070393374741201
notebook,notebook00039.jpg,1200,1011,0.9831849653808111,0.018793273986152326,0.9975,0.0008333333333333334
pen,pen_00037.jpg,1920,2560,0.891796875,0.065625,0.30364583333333334,0.1890625
pen,pen_00037.jpg,1920,2560,0.9171875,0.06484375,0.3963541666666667,0.29583333333333334
pen,pen_00037.jpg,1920,2560,0.93671875,0.07734375,0.48802083333333335,0.38177083333333334
pen,pen_00037.jpg,1920,2560,0.928125,0.051171875,0.5734375,0.47708333333333336
pen,pen_00037.jpg,1920,2560,0.926953125,0.027734375,0.6708333333333333,0.571875
pen,pen_00037.jpg,1920,2560,0.938671875,0.031640625,0.7739583333333333,0.6671875
mug,mug_00040.jpg,756,530,0.4169811320754717,0.020754716981132074,0.8690476190476191,0.5767195767195767
mug,mug_00040.jpg,756,530,0.8905660377358491,0.4867924528301887,0.9735449735449735,0.7526455026455027
mug,mug_00040.jpg,756,530,0.4169811320754717,0.016981132075471698,0.24603174603174602,0.007936507936507936
mug,mug_00040.jpg,756,530,0.42641509433962266,0.016981132075471698,0.5396825396825397,0.28835978835978837
mug,mug_00040.jpg,756,530,0.720754716981132,0.4490566037735849,0.19444444444444445,0.006613756613756613
mug,mug_00040.jpg,756,530,0.9886792452830189,0.7660377358490567,0.19047619047619047,0.007936507936507936
mug,mug_00040.jpg,756,530,0.6566037735849056,0.43018867924528303,0.44312169312169314,0.26455026455026454
mug,mug_00040.jpg,756,530,0.9849056603773585,0.6981132075471698,0.4523809523809524,0.26587301587301587
mug,mug_00040.jpg,756,530,0.6792452830188679,0.4377358490566038,0.701058201058201,0.503968253968254
mug,mug_00040.jpg,756,530,0.9830188679245283,0.7245283018867924,0.7142857142857143,0.5158730158730159
laptop,laptop00027.jpg,1200,1600,0.9325,0.00375,0.8875,0.0925
scissors,scissors00025.jpg,1728,2592,0.8190586419753086,0.05787037037037037,0.8356481481481481,0.3107638888888889
lamp,lamp00052.jpg,395,525,0.8628571428571429,0.5428571428571428,0.9291139240506329,0.020253164556962026
scissors,scissors00024.jpg,1200,1600,0.83625,0.1475,0.9233333333333333,0.041666666666666664
notebook,notebook00028.jpg,1911,2316,1.0,0.0012953367875647669,0.9984301412872841,0.0020931449502878076
postit_notes,postitnotes_00047.jpg,685,1024,0.892578125,0.5380859375,0.7138686131386861,0.3386861313868613
postit_notes,postitnotes_00047.jpg,685,1024,0.8779296875,0.375,1.0,0.7007299270072993
pen,postitnotes_00047.jpg,685,1024,1.0,0.6064453125,1.0,0.8
laptop,laptop00013.jpg,2292,3056,0.8072643979057592,0.08213350785340315,1.0,0.0506108202443281
scissors,scissors00009.jpg,87,120,0.9666666666666667,0.03333333333333333,0.8160919540229885,0.16091954022988506
paper_clip,paperclip00043.jpg,400,187,0.9518716577540107,0.0748663101604278,0.9725,0.0225
scissors,scissors00015.jpg,282,312,0.9839743589743589,0.003205128205128205,0.9893617021276596,0.0070921985815602835
paper_clip,paperclip00025.jpg,926,1500,0.27466666666666667,0.03933333333333333,0.5583153347732182,0.04103671706263499
paper_clip,paperclip00025.jpg,926,1500,0.64,0.4033333333333333,0.9740820734341252,0.2861771058315335
paper_clip,paperclip00025.jpg,926,1500,0.9553333333333334,0.7246666666666667,0.5421166306695464,0.28509719222462204
notebook,notebook00066.jpg,400,400,0.985,0.3975,0.8525,0.1125
notebook,notebook00066.jpg,400,400,0.7775,0.2525,0.835,0.155
notebook,notebook00066.jpg,400,400,0.5825,0.0025,0.9125,0.2
calculator,calculator00053.jpg,1672,984,0.9786585365853658,0.08638211382113821,0.9772727272727273,0.014354066985645933
scissors,scissors00018.jpg,3456,4608,0.8298611111111112,0.1877170138888889,0.8451967592592593,0.17563657407407407
paper_clip,paperclip00048.jpg,480,362,0.5165745856353591,0.03314917127071823,0.4166666666666667,0.01875
scissors,scissors00017.jpg,2112,2816,0.9953835227272727,0.10085227272727272,0.8920454545454546,0.11884469696969698
pen,pen_00005.jpg,2448,3264,0.9283088235294118,0.22365196078431374,0.8296568627450981,0.19852941176470587
calculator,calculator00032.jpg,1800,1241,0.9605157131345688,0.060435132957292505,0.9266666666666666,0.03111111111111111
laptop,laptop00065.jpg,3725,2937,0.9611848825331971,0.16104868913857678,0.7651006711409396,0.07785234899328859
laptop,laptop00026.jpg,1932,2576,0.9774844720496895,0.014751552795031056,0.932712215320911,0.07867494824016563
calculator,calculator00028.jpg,2321,1285,0.9813229571984435,0.00933852140077821,0.983627746660922,0.0017233950883239983
pen,pen_00045.jpg,510,600,0.49333333333333335,0.20166666666666666,0.9882352941176471,0.11960784313725491
pen,pen_00045.jpg,510,600,0.6516666666666666,0.30833333333333335,0.9392156862745098,0.049019607843137254
pen,pen_00045.jpg,510,600,0.7933333333333333,0.42333333333333334,0.8980392156862745,0.0058823529411764705
calculator,calculator00040.jpg,3648,2736,0.8132309941520468,0.17982456140350878,0.8634868421052632,0.10224780701754387
scissors,scissors00045.jpg,380,380,0.9710526315789474,0.039473684210526314,0.8868421052631579,0.10526315789473684
pen,pen_00023.jpg,900,2047,0.9531021006350757,0.044455300439667805,0.6388888888888888,0.16444444444444445
pen,pen_00023.jpg,900,2047,0.8089887640449438,0.06497313141182218,0.8777777777777778,0.12444444444444444
mug,mug_00020.jpg,2400,2500,0.9312,0.1812,0.87,0.05875
laptop,laptop00038.jpg,2350,2150,0.9693023255813954,0.026046511627906978,0.9736170212765958,0.02723404255319149
paper_clip,paperclip00039.jpg,507,800,0.2975,0.1125,0.5700197238658777,0.4339250493096647
paper_clip,paperclip00039.jpg,507,800,0.41625,0.21125,0.611439842209073,0.4911242603550296
paper_clip,paperclip00039.jpg,507,800,0.60125,0.3775,0.6331360946745562,0.4714003944773176
paper_clip,paperclip00039.jpg,507,800,0.68875,0.555,0.5739644970414202,0.33727810650887574
paper_clip,paperclip00039.jpg,507,800,0.4575,0.3075,0.20118343195266272,0.1222879684418146
laptop,laptop00022.jpg,2258,3130,0.9900958466453674,0.04856230031948882,0.9366696191319752,0.006643046944198406
calculator,calculator00056.jpg,3888,2592,0.8611111111111112,0.17476851851851852,0.9027777777777778,0.06867283950617284
calculator,calculator00049.jpg,3027,1725,0.9588405797101449,0.03130434782608696,0.9709283118599273,0.024777006937561942
calculator,calculator00016.jpg,389,260,0.8192307692307692,0.16923076923076924,1.0,0.002570694087403599
paper_clip,paperclip00004.jpg,400,300,0.4866666666666667,0.09,0.975,0.0175
calculator,calculator00037.jpg,2380,3570,0.9490196078431372,0.045658263305322126,0.8705882352941177,0.11302521008403361
calculator,calculator00051.jpg,2816,2112,0.8484848484848485,0.17897727272727273,0.9779829545454546,0.029829545454545456
calculator,calculator00066.jpg,386,640,0.8875,0.0078125,0.8419689119170984,0.12953367875647667
laptop,laptop00005.jpg,380,490,0.963265306122449,0.0326530612244898,0.9473684210526315,0.02894736842105263
scissors,scissors00068.jpg,480,640,0.9765625,0.071875,0.93125,0.05625
lamp,lamp00020.jpg,298,298,0.6812080536912751,0.3187919463087248,0.9966442953020134,0.003355704697986577
notebook,notebook00023.jpg,597,750,0.9986666666666667,0.0013333333333333333,0.998324958123953,0.0016750418760469012
calculator,calculator00063.jpg,640,464,0.9633620689655172,0.040948275862068964,1.0,0.0296875
calculator,calculator00018.jpg,1536,2048,0.9462890625,0.0419921875,0.9641927083333334,0.013671875
pen,pen_00016.jpg,568,1000,0.899,0.052,0.8609154929577465,0.7059859154929577
pen,pen_00052.jpg,800,557,0.9964093357271095,0.473967684021544,0.58,0.00125
notebook,pen_00052.jpg,800,557,0.9910233393177738,0.0017953321364452424,0.99625,0.00125
notebook,notebook00020.jpg,3744,5616,0.9326923076923077,0.054843304843304845,0.9399038461538461,0.057158119658119656
pen,pen_00060.jpg,1194,1440,0.8951388888888889,0.7888888888888889,0.8534338358458962,0.09798994974874371
pen,pen_00060.jpg,1194,1440,0.7597222222222222,0.6611111111111111,0.9053601340033501,0.09296482412060302
pen,pen_00060.jpg,1194,1440,0.5409722222222222,0.4111111111111111,0.8986599664991625,0.05862646566164154
pen,pen_00060.jpg,1194,1440,0.37222222222222223,0.2652777777777778,0.8994974874371859,0.12897822445561138
pen,pen_00060.jpg,1194,1440,0.20625,0.12083333333333333,0.9279731993299832,0.15661641541038526
mug,mug_00043.jpg,386,580,0.9275862068965517,0.46206896551724136,0.9352331606217616,0.29015544041450775
mug,mug_00043.jpg,386,580,0.5448275862068965,0.06896551724137931,0.772020725388601,0.10103626943005181
mug,mug_00056.jpg,616,1012,0.708498023715415,0.16699604743083005,0.9318181818181818,0.05519480519480519
laptop,laptop00041.jpg,3456,5184,0.8140432098765432,0.10532407407407407,0.9991319444444444,0.00028935185185185184
lamp,lamp00061.jpg,288,432,0.9259259259259259,0.5902777777777778,0.9930555555555556,0.017361111111111112
pen,pen_00044.jpg,2000,3000,0.7043333333333334,0.29,0.5035,0.3735
paper_clip,paperclip00041.jpg,480,640,0.6,0.440625,0.8375,0.15833333333333333
postit_notes,postitnotes_00020.jpg,1065,1600,0.643125,0.48,0.38497652582159625,0.12488262910798122
postit_notes,postitnotes_00020.jpg,1065,1600,0.90625,0.7025,0.3671361502347418,0.07793427230046948
postit_notes,postitnotes_00020.jpg,1065,1600,0.889375,0.690625,0.9671361502347418,0.6516431924882629
postit_notes,postitnotes_00020.jpg,1065,1600,0.641875,0.47625,0.9173708920187793,0.6375586854460094
notebook,postitnotes_00020.jpg,1065,1600,0.996875,0.00375,1.0,0.0028169014084507044
calculator,calculator00054.jpg,1123,583,0.9365351629502573,0.15608919382504288,0.93766696349065,0.048975957257346395
lamp,lamp00036.jpg,715,550,0.7381818181818182,0.007272727272727273,0.779020979020979,0.24615384615384617
laptop,lamp00036.jpg,715,550,0.94,0.6309090909090909,0.7888111888111888,0.7230769230769231
notebook,lamp00036.jpg,715,550,0.9509090909090909,0.9072727272727272,0.7412587412587412,0.5468531468531469
notebook,lamp00036.jpg,715,550,0.9745454545454545,0.7672727272727272,0.8251748251748252,0.8097902097902098
laptop,laptop00008.jpg,594,577,0.9237435008665511,0.03119584055459272,0.9528619528619529,0.06060606060606061
mug,mug_00014.jpg,2080,3170,0.32744479495268136,0.04006309148264984,0.9182692307692307,0.44134615384615383
mug,mug_00014.jpg,2080,3170,0.6201892744479496,0.2943217665615142,1.0,0.45240384615384616
mug,mug_00014.jpg,2080,3170,0.8899053627760253,0.6085173501577287,0.9211538461538461,0.45096153846153847
notebook,notebook00032.jpg,2592,3888,0.8829732510288066,0.032407407407407406,0.9050925925925926,0.17708333333333334
pen,pen_00039.jpg,926,1600,0.819375,0.32375,0.9546436285097192,0.0010799136069114472
laptop,laptop00043.jpg,500,775,0.9690322580645161,0.02838709677419355,0.966,0.076
scissors,scissors00039.jpg,1024,1024,0.98828125,0.013671875,0.779296875,0.212890625
pen,pen_00040.jpg,700,1800,0.9566666666666667,0.4588888888888889,0.9557142857142857,0.29714285714285715
pen,pen_00040.jpg,700,1800,0.6216666666666667,0.03222222222222222,0.5971428571428572,0.05714285714285714
pen,pen_00040.jpg,700,1800,0.7572222222222222,0.23277777777777778,0.7571428571428571,0.22428571428571428
postit_notes,postitnotes_00039.jpg,400,400,0.9275,0.1125,0.9075,0.085
calculator,calculator00057.jpg,348,220,0.8818181818181818,0.24545454545454545,0.9511494252873564,0.040229885057471264
notebook,notebook00022.jpg,2592,3888,1.0,0.17618312757201646,0.6516203703703703,0.00038580246913580245
calculator,calculator00039.jpg,1562,2204,0.9913793103448276,0.007259528130671506,0.942381562099872,0.0147247119078105
lamp,lamp00021.jpg,2500,1840,0.8956521739130435,0.030434782608695653,1.0,0.0204
laptop,laptop00018.jpg,1200,1600,0.744375,0.264375,0.8633333333333333,0.32666666666666666
laptop,laptop00018.jpg,1200,1600,0.86125,0.140625,0.9933333333333333,0.19416666666666665
calculator,calculator00055.jpg,1189,595,0.9899159663865547,0.03697478991596639,0.9915895710681245,0.0159798149705635
scissors,scissors00037.jpg,225,225,0.9511111111111111,0.035555555555555556,0.9555555555555556,0.044444444444444446
scissors,scissors00040.jpg,300,300,0.8433333333333334,0.16,0.44,0.023333333333333334
scissors,scissors00040.jpg,300,300,0.86,0.14333333333333334,0.9733333333333334,0.5533333333333333
scissors,scissors00040.jpg,300,300,0.8766666666666667,0.11333333333333333,0.6533333333333333,0.3566666666666667
scissors,scissors00008.jpg,90,120,0.9166666666666666,0.041666666666666664,0.9111111111111111,0.03333333333333333
lamp,lamp00022.jpg,1224,1632,0.5772058823529411,0.04044117647058824,0.6985294117647058,0.06454248366013073
postit_notes,lamp00022.jpg,1224,1632,0.7371323529411765,0.6452205882352942,0.33088235294117646,0.20179738562091504
postit_notes,lamp00022.jpg,1224,1632,0.8713235294117647,0.7622549019607843,0.32679738562091504,0.20179738562091504
postit_notes,lamp00022.jpg,1224,1632,0.8713235294117647,0.7561274509803921,0.1772875816993464,0.013071895424836602
postit_notes,lamp00022.jpg,1224,1632,0.7212009803921569,0.6495098039215687,0.1454248366013072,0.04738562091503268
postit_notes,lamp00022.jpg,1224,1632,0.6268382352941176,0.522671568627451,0.3937908496732026,0.28513071895424835
postit_notes,lamp00022.jpg,1224,1632,0.4675245098039216,0.39767156862745096,0.3709150326797386,0.22140522875816993
postit_notes,lamp00022.jpg,1224,1632,0.5159313725490197,0.44424019607843135,0.10866013071895425,0.02287581699346405
postit_notes,lamp00022.jpg,1224,1632,0.9993872549019608,0.8897058823529411,0.20751633986928106,0.05718954248366013
ruler,ruler00005.jpg,1600,1067,0.5960637300843487,0.38706654170571697,0.99125,0.008125
notebook,notebook00033.jpg,863,1111,0.9990999099909991,0.008100810081008101,1.0,0.0011587485515643105
pen,pen_00004.jpg,2304,3072,0.8248697916666666,0.23893229166666666,0.8385416666666666,0.09114583333333333
notebook,notebook00014.jpg,532,800,0.99625,0.00125,1.0,0.0018796992481203006
pen,notebook00014.jpg,532,800,0.5825,0.32125,0.693609022556391,0.14473684210526316
calculator,calculator00068.jpg,800,631,0.8969889064976229,0.08399366085578447,0.9275,0.0725
ruler,scissors00057.jpg,480,640,1.0,0.48125,0.5645833333333333,0.34791666666666665
scissors,scissors00057.jpg,480,640,0.9328125,0.0234375,0.89375,0.4479166666666667
pen,scissors00057.jpg,480,640,0.5234375,0.45,0.35208333333333336,0.0020833333333333333
mug,mug_00048.jpg,460,700,0.7557142857142857,0.04,0.9891304347826086,0.05217391304347826
notebook,notebook00055.jpg,1300,1300,0.9176923076923077,0.09,0.9876923076923076,0.008461538461538461
lamp,lamp00024.jpg,300,300,0.98,0.013333333333333334,1.0,0.0033333333333333335
notebook,notebook00027.jpg,418,640,0.9984375,0.0015625,1.0,0.13875598086124402
lamp,lamp00043.jpg,4681,3654,0.9688013136288999,0.048440065681444995,0.9559923093356121,0.027985473189489424
pen,pen_00059.jpg,395,364,0.8626373626373627,0.10989010989010989,0.9240506329113924,0.06582278481012659
pen,pen_00017.jpg,2333,3500,0.7508571428571429,0.20514285714285715,0.6133733390484355,0.26618088298328335
pen,pen_00003.jpg,350,328,0.9085365853658537,0.06402439024390244,0.8685714285714285,0.02
scissors,scissors00010.jpg,2555,3840,0.85234375,0.06848958333333334,0.9119373776908023,0.19256360078277887
scissors,scissors00021.jpg,1300,1800,0.9616666666666667,0.03333333333333333,0.8261538461538461,0.1676923076923077
calculator,calculator00044.jpg,2768,1940,0.9835051546391752,0.008247422680412371,0.9544797687861272,0.0050578034682080926
calculator,calculator00013.jpg,400,600,0.91,0.06166666666666667,0.94,0.065
ruler,ruler00014.jpg,572,424,1.0,0.0023584905660377358,1.0,0.0034965034965034965
notebook,pen_00065.jpg,468,500,0.798,0.39,0.8461538461538461,0.1388888888888889
pen,pen_00055.jpg,423,800,0.76125,0.2675,0.9314420803782506,0.1607565011820331
laptop,laptop00009.jpg,785,1024,0.8759765625,0.1103515625,0.9719745222929936,0.03694267515923567
paper_clip,paperclip00067.jpg,261,320,0.425,0.24375,0.4674329501915709,0.3371647509578544
paper_clip,paperclip00067.jpg,261,320,0.7,0.515625,0.45977011494252873,0.24521072796934865
paper_clip,paperclip00067.jpg,261,320,0.790625,0.65625,0.48659003831417624,0.3524904214559387
calculator,calculator00060.jpg,340,200,0.935,0.105,0.9676470588235294,0.026470588235294117
calculator,calculator00004.jpg,392,404,1.0,0.3069306930693069,0.9770408163265306,0.002551020408163265
ruler,ruler00029.jpg,361,1843,0.99511665762344,0.0016277807921866521,0.7479224376731302,0.2520775623268698
pen,pen_00056.jpg,250,380,0.9815789473684211,0.005263157894736842,0.952,0.008
ruler,ruler00010.jpg,380,500,0.998,0.002,0.6710526315789473,0.10263157894736842
mug,mug_00038.jpg,390,530,0.730188679245283,0.14528301886792452,0.7897435897435897,0.0641025641025641
mug,mug_00036.jpg,420,600,0.6,0.008333333333333333,0.9238095238095239,0.1380952380952381
mug,mug_00036.jpg,420,600,0.985,0.5166666666666667,0.7904761904761904,0.09285714285714286
laptop,laptop00054.jpg,435,580,0.8706896551724138,0.07413793103448275,0.9839080459770115,0.034482758620689655
laptop,laptop00055.jpg,1944,2592,0.9799382716049383,0.06481481481481481,0.9434156378600823,0.01594650205761317
postit_notes,postitnotes_00021.jpg,120,115,0.8869565217391304,0.06956521739130435,0.875,0.03333333333333333
scissors,scissors00042.jpg,1125,750,0.47733333333333333,0.08666666666666667,0.9333333333333333,0.4008888888888889
scissors,scissors00042.jpg,1125,750,0.9253333333333333,0.4146666666666667,0.6853333333333333,0.22577777777777777
calculator,calculator00017.jpg,249,250,0.996,0.004,0.9879518072289156,0.01606425702811245
notebook,notebook00062.jpg,415,600,0.845,0.115,0.9108433734939759,0.08433734939759036
calculator,calculator00001.jpg,120,120,0.825,0.15,0.9666666666666667,0.008333333333333333
scissors,scissors00023.jpg,1200,1600,0.801875,0.1525,0.9633333333333334,0.0675
laptop,laptop00024.jpg,1515,2694,0.9910913140311804,0.018188567186340016,0.974917491749175,0.029042904290429043
laptop,laptop00050.jpg,334,450,0.9866666666666667,0.02,0.9850299401197605,0.011976047904191617
mug,mug_00037.jpg,600,600,0.97,0.155,0.8616666666666667,0.15333333333333332
laptop,laptop00039.jpg,1628,1704,0.9518779342723005,0.006455399061032864,0.9692874692874693,0.03132678132678133
postit_notes,postitnotes_00041.jpg,250,250,0.96,0.004,0.972,0.004
laptop,laptop00049.jpg,600,400,1.0,0.01,0.7816666666666666,0.145
postit_notes,postitnotes_00004.jpg,480,640,0.5421875,0.01875,0.8208333333333333,0.1375
postit_notes,postitnotes_00004.jpg,480,640,1.0,0.5375,0.8041666666666667,0.16041666666666668
calculator,calculator00041.jpg,2048,3072,0.9117838541666666,0.08723958333333333,0.91650390625,0.07568359375
postit_notes,postitnotes_00001.jpg,413,640,0.2078125,0.0015625,0.4116222760290557,0.1016949152542373
postit_notes,postitnotes_00001.jpg,413,640,0.2203125,0.021875,0.8111380145278451,0.47699757869249393
postit_notes,postitnotes_00001.jpg,413,640,0.3890625,0.2015625,0.31234866828087166,0.031476997578692496
postit_notes,postitnotes_00001.jpg,413,640,0.3765625,0.1984375,0.6271186440677966,0.3341404358353511
postit_notes,postitnotes_00001.jpg,413,640,0.478125,0.3453125,0.8523002421307506,0.576271186440678
postit_notes,postitnotes_00001.jpg,413,640,0.4953125,0.346875,0.5811138014527845,0.3268765133171913
postit_notes,postitnotes_00001.jpg,413,640,0.353125,0.165625,1.0,0.6803874092009685
postit_notes,postitnotes_00001.jpg,413,640,0.203125,0.0359375,1.0,0.8159806295399515
postit_notes,postitnotes_00001.jpg,413,640,0.55,0.3953125,0.22276029055690072,0.002421307506053269
postit_notes,postitnotes_00001.jpg,413,640,0.61875,0.4828125,0.9612590799031477,0.711864406779661
postit_notes,postitnotes_00001.jpg,413,640,0.6328125,0.4875,0.7481840193704601,0.5351089588377724
postit_notes,postitnotes_00001.jpg,413,640,0.6375,0.49375,0.5423728813559322,0.29539951573849876
postit_notes,postitnotes_00001.jpg,413,640,0.5796875,0.4125,0.3898305084745763,0.1864406779661017
postit_notes,postitnotes_00001.jpg,413,640,0.478125,0.353125,0.9951573849878934,0.7917675544794189
postit_notes,postitnotes_00001.jpg,413,640,0.6375,0.525,0.26150121065375304,0.01694915254237288
postit_notes,postitnotes_00001.jpg,413,640,0.6984375,0.584375,0.9733656174334141,0.7651331719128329
postit_notes,postitnotes_00001.jpg,413,640,0.7875,0.675,1.0,0.8135593220338984
postit_notes,postitnotes_00001.jpg,413,640,0.865625,0.7703125,1.0,0.8159806295399515
postit_notes,postitnotes_00001.jpg,413,640,0.9375,0.846875,0.9079903147699758,0.7578692493946732
postit_notes,postitnotes_00001.jpg,413,640,0.7859375,0.665625,0.8934624697336562,0.6828087167070218
postit_notes,postitnotes_00001.jpg,413,640,0.734375,0.615625,0.7215496368038741,0.549636803874092
postit_notes,postitnotes_00001.jpg,413,640,0.7578125,0.628125,0.4891041162227603,0.3099273607748184
postit_notes,postitnotes_00001.jpg,413,640,0.9109375,0.809375,0.7966101694915254,0.6222760290556901
postit_notes,postitnotes_00001.jpg,413,640,0.95625,0.853125,0.7142857142857143,0.5423728813559322
postit_notes,postitnotes_00001.jpg,413,640,0.83125,0.71875,0.6828087167070218,0.46731234866828086
postit_notes,postitnotes_00001.jpg,413,640,0.85,0.7671875,0.8401937046004843,0.6416464891041163
postit_notes,postitnotes_00001.jpg,413,640,0.8640625,0.79375,0.6924939467312349,0.4794188861985472
postit_notes,postitnotes_00001.jpg,413,640,0.965625,0.88125,0.5205811138014528,0.3389830508474576
postit_notes,postitnotes_00001.jpg,413,640,0.9875,0.88125,0.3389830508474576,0.1937046004842615
postit_notes,postitnotes_00001.jpg,413,640,0.909375,0.8140625,0.4213075060532688,0.2324455205811138
postit_notes,postitnotes_00001.jpg,413,640,0.8203125,0.7375,0.45036319612590797,0.24939467312348668
postit_notes,postitnotes_00001.jpg,413,640,0.9984375,0.8984375,0.11138014527845036,0.002421307506053269
postit_notes,postitnotes_00001.jpg,413,640,0.690625,0.5875,0.36077481840193704,0.1234866828087167
postit_notes,postitnotes_00001.jpg,413,640,0.7703125,0.6734375,0.3050847457627119,0.1016949152542373
postit_notes,postitnotes_00001.jpg,413,640,0.8578125,0.7765625,0.17191283292978207,0.002421307506053269
postit_notes,postitnotes_00001.jpg,413,640,0.9140625,0.8421875,0.13559322033898305,0.002421307506053269
postit_notes,postitnotes_00001.jpg,413,640,0.8171875,0.709375,0.2542372881355932,0.04116222760290557
postit_notes,postitnotes_00001.jpg,413,640,0.921875,0.8234375,0.23728813559322035,0.05811138014527845
lamp,lamp00055.jpg,600,600,0.32,0.18333333333333332,0.365,0.20166666666666666
lamp,lamp00055.jpg,600,600,0.9683333333333334,0.5283333333333333,0.49333333333333335,0.011666666666666667
lamp,lamp00055.jpg,600,600,0.9583333333333334,0.54,0.985,0.5066666666666667
laptop,laptop00029.jpg,1033,1103,0.9782411604714415,0.050770625566636446,0.9854791868344628,0.028073572120038724
pen,pen_00010.jpg,338,450,0.9733333333333334,0.04888888888888889,0.9349112426035503,0.08579881656804733
calculator,calculator00047.jpg,3888,2592,0.9344135802469136,0.07137345679012345,0.9621913580246914,0.026748971193415638
scissors,scissors00038.jpg,3265,4108,0.8093962999026291,0.024099318403115872,0.8854517611026034,0.003981623277182236
ruler,ruler00033.jpg,1701,1885,1.0,0.09496021220159151,0.8694885361552028,0.05114638447971781
notebook,notebook00007.jpg,400,600,0.38666666666666666,0.15166666666666667,0.5,0.015
notebook,notebook00007.jpg,400,600,0.62,0.39,0.5,0.0175
notebook,notebook00007.jpg,400,600,0.8516666666666667,0.6216666666666667,0.51,0.0175
notebook,notebook00007.jpg,400,600,0.6083333333333333,0.14666666666666667,0.9975,0.5025
paper_clip,paperclip00008.jpg,300,300,0.97,0.8133333333333334,0.6733333333333333,0.52
paper_clip,paperclip00008.jpg,300,300,0.4266666666666667,0.27666666666666667,0.59,0.43
laptop,laptop00036.jpg,1200,1600,0.965625,0.4075,0.91,0.14583333333333334
pen,pen_00020.jpg,422,707,0.9561527581329562,0.024045261669024046,0.9265402843601895,0.011848341232227487
scissors,scissors00059.jpg,707,1131,0.6030061892130858,0.06984969053934571,0.5247524752475248,0.02263083451202263
scissors,scissors00059.jpg,707,1131,0.9257294429708223,0.14323607427055704,0.9801980198019802,0.20226308345120225
notebook,notebook00016.jpg,1944,2592,0.9957561728395061,0.027777777777777776,0.977880658436214,0.04372427983539095
lamp,lamp00042.jpg,1200,550,0.8836363636363637,0.6054545454545455,0.1975,0.015833333333333335
lamp,lamp00042.jpg,1200,550,0.4709090909090909,0.09454545454545454,0.7241666666666666,0.475
lamp,lamp00042.jpg,1200,550,0.9690909090909091,0.5109090909090909,0.9791666666666666,0.7708333333333334
calculator,calculator00071.jpg,640,426,0.9131455399061033,0.0892018779342723,0.9671875,0.03125
calculator,calculator00035.jpg,1944,2592,0.8688271604938271,0.15162037037037038,0.9449588477366255,0.07407407407407407
scissors,scissors00022.jpg,1728,2592,0.8753858024691358,0.05439814814814815,0.6712962962962963,0.3616898148148148
notebook,notebook00017.jpg,2592,1944,0.9449588477366255,0.00051440329218107,0.9448302469135802,0.06674382716049383
scissors,scissors00029.jpg,710,900,0.4288888888888889,0.06,0.8619718309859155,0.1352112676056338
scissors,scissors00029.jpg,710,900,0.9555555555555556,0.5333333333333333,0.9380281690140845,0.059154929577464786
calculator,calculator00069.jpg,825,475,0.9305263157894736,0.042105263157894736,0.96,0.03878787878787879
lamp,lamp00011.jpg,3872,2592,0.9050925925925926,0.10262345679012345,0.831095041322314,0.11441115702479339
notebook,notebook00043.jpg,2129,3200,0.9903125,0.13375,1.0,0.10145608266791921
pen,notebook00043.jpg,2129,3200,0.665,0.5346875,0.9126350399248473,0.16251761390324096
pen,pen_00050.jpg,380,600,0.955,0.11,0.5605263157894737,0.4052631578947368
pen,pen_00050.jpg,380,600,0.79,0.07833333333333334,0.9605263157894737,0.4
pen,pen_00050.jpg,380,600,0.8866666666666667,0.17166666666666666,0.8842105263157894,0.37105263157894736
calculator,calculator00065.jpg,428,640,0.9234375,0.1109375,0.9626168224299065,0.08644859813084112
pen,pen_00034.jpg,1545,2317,0.9805783340526543,0.015105740181268883,0.6925566343042071,0.4815533980582524
pen,pen_00051.jpg,2038,2717,0.9738682370261318,0.009201324990798674,0.7777232580961727,0.21344455348380764
lamp,lamp00006.jpg,450,450,0.43555555555555553,0.03777777777777778,0.8422222222222222,0.13777777777777778
lamp,lamp00006.jpg,450,450,0.9577777777777777,0.5044444444444445,0.92,0.06222222222222222
laptop,laptop00034.jpg,2232,3103,0.866580728327425,0.058330647760232036,0.9722222222222222,0.00044802867383512545
paper_clip,paperclip00001.jpg,551,640,0.909375,0.034375,0.6787658802177858,0.18330308529945555
calculator,calculator00043.jpg,1943,1055,0.9592417061611375,0.011374407582938388,0.9902213072568193,0.014925373134328358
paper_clip,paperclip00054.jpg,191,220,0.8590909090909091,0.65,0.5445026178010471,0.32460732984293195
paper_clip,paperclip00054.jpg,191,220,0.29545454545454547,0.2,0.518324607329843,0.29842931937172773
paper_clip,paperclip00054.jpg,191,220,0.5227272727272727,0.2,0.8848167539267016,0.7591623036649214
paper_clip,paperclip00054.jpg,191,220,0.40454545454545454,0.15,0.743455497382199,0.5445026178010471
paper_clip,paperclip00054.jpg,191,220,0.42272727272727273,0.3,0.5863874345549738,0.3507853403141361
paper_clip,paperclip00054.jpg,191,220,0.8090909090909091,0.6136363636363636,0.6596858638743456,0.4083769633507853
paper_clip,paperclip00054.jpg,191,220,0.8,0.5545454545454546,0.900523560209424,0.6492146596858639
paper_clip,paperclip00054.jpg,191,220,0.6363636363636364,0.38636363636363635,0.6910994764397905,0.47643979057591623
paper_clip,paperclip00054.jpg,191,220,0.6727272727272727,0.45454545454545453,0.7801047120418848,0.5392670157068062
laptop,laptop00016.jpg,2432,3282,0.8692870201096892,0.10176721511273613,0.912828947368421,0.1435032894736842
mug,mug_00007.jpg,1600,1600,0.924375,0.19,0.885625,0.251875
postit_notes,postitnotes_00002.jpg,640,498,0.15863453815261044,0.014056224899598393,0.1203125,0.00625
postit_notes,postitnotes_00002.jpg,640,498,0.16666666666666666,0.018072289156626505,0.2484375,0.1296875
postit_notes,postitnotes_00002.jpg,640,498,0.3192771084337349,0.1706827309236948,0.125,0.00625
postit_notes,postitnotes_00002.jpg,640,498,0.3152610441767068,0.16666666666666666,0.24375,0.125
postit_notes,postitnotes_00002.jpg,640,498,0.3092369477911647,0.1606425702811245,0.3796875,0.2609375
postit_notes,postitnotes_00002.jpg,640,498,0.1646586345381526,0.01606425702811245,0.3765625,0.2578125
postit_notes,postitnotes_00002.jpg,640,498,0.4497991967871486,0.30120481927710846,0.5,0.38125
postit_notes,postitnotes_00002.jpg,640,498,0.2991967871485944,0.15060240963855423,0.5078125,0.3890625
postit_notes,postitnotes_00002.jpg,640,498,0.29518072289156627,0.1465863453815261,0.6265625,0.5078125
postit_notes,postitnotes_00002.jpg,640,498,0.15261044176706828,0.004016064257028112,0.6234375,0.5046875
postit_notes,postitnotes_00002.jpg,640,498,0.44779116465863456,0.2931726907630522,0.6234375,0.5046875
postit_notes,postitnotes_00002.jpg,640,498,0.16265060240963855,0.01606425702811245,0.5015625,0.3859375
postit_notes,postitnotes_00002.jpg,640,498,0.44377510040160645,0.29518072289156627,0.7546875,0.6375
postit_notes,postitnotes_00002.jpg,640,498,0.6265060240963856,0.4718875502008032,0.75625,0.6390625
postit_notes,postitnotes_00002.jpg,640,498,0.8072289156626506,0.642570281124498,0.753125,0.6328125
postit_notes,postitnotes_00002.jpg,640,498,0.9718875502008032,0.8172690763052208,0.753125,0.6390625
postit_notes,postitnotes_00002.jpg,640,498,0.142570281124498,0.002008032128514056,0.759375,0.6375
postit_notes,postitnotes_00002.jpg,640,498,0.29116465863453816,0.14859437751004015,0.75625,0.634375
postit_notes,postitnotes_00002.jpg,640,498,0.15261044176706828,0.012048192771084338,0.8859375,0.7640625
postit_notes,postitnotes_00002.jpg,640,498,0.2931726907630522,0.1566265060240964,0.88125,0.7640625
postit_notes,postitnotes_00002.jpg,640,498,0.44779116465863456,0.2971887550200803,0.8828125,0.7640625
postit_notes,postitnotes_00002.jpg,640,498,0.6305220883534136,0.4779116465863454,0.871875,0.7609375
postit_notes,postitnotes_00002.jpg,640,498,0.7991967871485943,0.6485943775100401,0.8703125,0.75625
postit_notes,postitnotes_00002.jpg,640,498,0.9698795180722891,0.8152610441767069,0.86875,0.753125
postit_notes,postitnotes_00002.jpg,640,498,0.9437751004016064,0.7951807228915663,0.9875,0.871875
postit_notes,postitnotes_00002.jpg,640,498,0.7791164658634538,0.6285140562248996,0.990625,0.875
postit_notes,postitnotes_00002.jpg,640,498,0.608433734939759,0.4598393574297189,0.9890625,0.875
postit_notes,postitnotes_00002.jpg,640,498,0.43373493975903615,0.2991967871485944,0.996875,0.88125
postit_notes,postitnotes_00002.jpg,640,498,0.29518072289156627,0.15461847389558234,0.9953125,0.8796875
postit_notes,postitnotes_00002.jpg,640,498,0.1465863453815261,0.002008032128514056,1.0,0.8859375
postit_notes,postitnotes_00002.jpg,640,498,0.6144578313253012,0.463855421686747,0.6234375,0.5015625
postit_notes,postitnotes_00002.jpg,640,498,0.7831325301204819,0.6345381526104418,0.6328125,0.5125
postit_notes,postitnotes_00002.jpg,640,498,0.9718875502008032,0.8192771084337349,0.6234375,0.5015625
postit_notes,postitnotes_00002.jpg,640,498,0.6224899598393574,0.4779116465863454,0.4953125,0.375
postit_notes,postitnotes_00002.jpg,640,498,0.8152610441767069,0.6506024096385542,0.5125,0.3859375
postit_notes,postitnotes_00002.jpg,640,498,0.9919678714859438,0.8293172690763052,0.4890625,0.359375
postit_notes,postitnotes_00002.jpg,640,498,0.46184738955823296,0.3112449799196787,0.3703125,0.2515625
postit_notes,postitnotes_00002.jpg,640,498,0.46987951807228917,0.3253012048192771,0.2421875,0.1171875
postit_notes,postitnotes_00002.jpg,640,498,0.46184738955823296,0.3152610441767068,0.125,0.00625
postit_notes,postitnotes_00002.jpg,640,498,0.6546184738955824,0.5020080321285141,0.359375,0.2359375
postit_notes,postitnotes_00002.jpg,640,498,0.6485943775100401,0.5020080321285141,0.234375,0.1125
postit_notes,postitnotes_00002.jpg,640,498,0.6445783132530121,0.4959839357429719,0.11875,0.0015625
postit_notes,postitnotes_00002.jpg,640,498,0.8313253012048193,0.6726907630522089,0.3609375,0.2265625
postit_notes,postitnotes_00002.jpg,640,498,0.9899598393574297,0.8333333333333334,0.359375,0.2234375
postit_notes,postitnotes_00002.jpg,640,498,0.9738955823293173,0.8092369477911646,0.2109375,0.096875
postit_notes,postitnotes_00002.jpg,640,498,0.9618473895582329,0.7991967871485943,0.1015625,0.0015625
postit_notes,postitnotes_00002.jpg,640,498,0.8012048192771084,0.6465863453815262,0.109375,0.0015625
postit_notes,postitnotes_00002.jpg,640,498,0.8072289156626506,0.6546184738955824,0.2203125,0.109375
notebook,notebook00001.jpg,1195,1600,0.990625,0.00125,1.0,0.015899581589958158
calculator,calculator00050.jpg,2985,1757,0.9948776323278316,0.0028457598178713715,0.9721943048576215,0.012060301507537688
lamp,lamp00009.jpg,800,800,0.7275,0.14125,0.96625,0.1475
paper_clip,paperclip00029.jpg,213,320,0.878125,0.1375,0.9154929577464789,0.24413145539906103
mug,mug_00015.jpg,500,526,0.9714828897338403,0.055133079847908745,0.944,0.086
calculator,calculator00073.jpg,1600,1403,0.9109052031361369,0.047042052744119746,0.99625,0.000625
lamp,lamp00014.jpg,600,600,0.8666666666666667,0.125,0.9883333333333333,0.01
mug,mug_00047.jpg,600,600,0.9666666666666667,0.48833333333333334,0.7416666666666667,0.35
laptop,mug_00047.jpg,600,600,0.5666666666666667,0.0016666666666666668,0.9983333333333333,0.0016666666666666668
notebook,notebook00005.jpg,400,600,1.0,0.055,0.78,0.0025
pen,pen_00043.jpg,1491,2304,0.9105902777777778,0.14713541666666666,0.8832997987927566,0.4694835680751174
mug,mug_00042.jpg,461,600,0.9183333333333333,0.14166666666666666,0.9349240780911063,0.1019522776572668
laptop,laptop00012.jpg,1536,2048,0.8876953125,0.0380859375,0.9954427083333334,0.0006510416666666666
mug,mug_00026.jpg,600,600,0.97,0.13833333333333334,0.8783333333333333,0.13666666666666666
laptop,laptop00011.jpg,587,840,0.9928571428571429,0.11904761904761904,0.9522998296422487,0.022146507666098807
scissors,scissors00060.jpg,2224,3264,0.9004289215686274,0.015625,0.5323741007194245,0.11690647482014388
scissors,scissors00060.jpg,2224,3264,0.9816176470588235,0.017463235294117647,0.8907374100719424,0.44244604316546765
scissors,scissors00074.jpg,613,1617,0.9789734075448361,0.011750154607297465,0.964110929853181,0.05057096247960848
ruler,ruler00011.jpg,514,630,1.0,0.2571428571428571,1.0,0.36964980544747084
scissors,scissors00013.jpg,768,1024,0.9921875,0.0634765625,0.7747395833333334,0.2955729166666667
paper_clip,paperclip00011.jpg,355,398,0.6884422110552764,0.507537688442211,0.5971830985915493,0.35774647887323946
paper_clip,paperclip00011.jpg,355,398,0.6658291457286433,0.5552763819095478,0.49577464788732395,0.3295774647887324
paper_clip,paperclip00011.jpg,355,398,0.7663316582914573,0.5175879396984925,0.5070422535211268,0.3436619718309859
mug,mug_00053.jpg,497,530,0.769811320754717,0.08679245283018867,0.8410462776659959,0.1790744466800805
paper_clip,paperclip00058.jpg,684,958,0.1826722338204593,0.06576200417536535,0.793859649122807,0.2880116959064328
paper_clip,paperclip00058.jpg,684,958,0.3173277661795407,0.21294363256784968,0.783625730994152,0.2646198830409357
paper_clip,paperclip00058.jpg,684,958,0.4697286012526096,0.35803757828810023,0.7894736842105263,0.28362573099415206
paper_clip,paperclip00058.jpg,684,958,0.6169102296450939,0.5062630480167014,0.7807017543859649,0.2880116959064328
paper_clip,paperclip00058.jpg,684,958,0.7713987473903967,0.6576200417536534,0.7923976608187134,0.29239766081871343
paper_clip,paperclip00058.jpg,684,958,0.9436325678496869,0.8308977035490606,0.804093567251462,0.30409356725146197
notebook,notebook00048.jpg,966,850,0.9941176470588236,0.010588235294117647,0.9813664596273292,0.07349896480331262
laptop,laptop00040.jpg,2304,3072,0.9912109375,0.012369791666666666,0.96875,0.061197916666666664
scissors,scissors00062.jpg,491,350,0.8885714285714286,0.11714285714285715,0.9124236252545825,0.06924643584521385
ruler,ruler00035.jpg,265,400,1.0,0.0025,1.0,0.0037735849056603774
pen,pen_00030.jpg,1424,2144,0.8558768656716418,0.13199626865671643,0.8068820224719101,0.09901685393258428
paper_clip,paperclip00005.jpg,426,640,0.6484375,0.4734375,0.9272300469483568,0.5704225352112676
paper_clip,paperclip00005.jpg,426,640,0.7,0.4859375,0.6244131455399061,0.30985915492957744
paper_clip,paperclip00005.jpg,426,640,0.51875,0.3859375,0.5516431924882629,0.2323943661971831
paper_clip,paperclip00005.jpg,426,640,0.371875,0.1828125,0.6291079812206573,0.323943661971831
notebook,notebook00056.jpg,2129,3200,0.9340625,0.018125,0.8346641615782058,0.1103804603100047
pen,notebook00056.jpg,2129,3200,0.5278125,0.4409375,0.7209957726632221,0.14185063410051668
scissors,scissors00001.jpg,186,225,0.9644444444444444,0.02666666666666667,0.956989247311828,0.026881720430107527
notebook,notebook00058.jpg,469,798,1.0,0.0012531328320802004,0.9829424307036247,0.021321961620469083
scissors,scissors00020.jpg,1650,2950,0.9738983050847457,0.026779661016949154,0.9448484848484848,0.05696969696969697
paper_clip,paperclip00013.jpg,320,550,0.48,0.38181818181818183,0.978125,0.8875
paper_clip,paperclip00013.jpg,320,550,0.49636363636363634,0.42727272727272725,0.88125,0.734375
paper_clip,paperclip00013.jpg,320,550,0.5981818181818181,0.5036363636363637,0.8125,0.73125
paper_clip,paperclip00013.jpg,320,550,0.6872727272727273,0.6163636363636363,0.78125,0.68125
paper_clip,paperclip00013.jpg,320,550,0.19818181818181818,0.14,0.309375,0.1875
lamp,lamp00039.jpg,460,460,0.8891304347826087,0.12391304347826088,0.8586956521739131,0.02826086956521739
scissors,scissors00043.jpg,539,1000,0.949,0.041,0.9424860853432282,0.06307977736549165
calculator,calculator00003.jpg,2000,2000,0.7645,0.226,1.0,0.0015
pen,pen_00012.jpg,372,600,0.7,0.29333333333333333,0.8010752688172043,0.07258064516129033
notebook,notebook00038.jpg,1067,1600,0.986875,0.000625,0.8734770384254921,0.03748828491096532
paper_clip,paperclip00015.jpg,1024,1024,0.4482421875,0.1201171875,0.4873046875,0.1689453125
paper_clip,paperclip00015.jpg,1024,1024,0.44921875,0.1259765625,0.837890625,0.4951171875
paper_clip,paperclip00015.jpg,1024,1024,0.8232421875,0.4345703125,0.5556640625,0.169921875
paper_clip,paperclip00015.jpg,1024,1024,0.8193359375,0.4677734375,0.8408203125,0.470703125
notebook,notebook00008.jpg,795,530,0.7962264150943397,0.005660377358490566,0.9811320754716981,0.2792452830188679
notebook,notebook00008.jpg,795,530,1.0,0.3471698113207547,0.6867924528301886,0.15471698113207547
calculator,calculator00008.jpg,362,602,0.9368770764119602,0.0681063122923588,0.9005524861878453,0.09944751381215469
lamp,lamp00037.jpg,500,486,0.911522633744856,0.3950617283950617,0.812,0.074
mug,lamp00037.jpg,500,486,0.49794238683127573,0.36213991769547327,0.718,0.562
pen,pen_00027.jpg,1920,2560,0.8578125,0.18203125,0.9119791666666667,0.40260416666666665
notebook,notebook00047.jpg,1000,1000,0.963,0.006,0.992,0.001
lamp,lamp00004.jpg,380,279,0.956989247311828,0.04659498207885305,0.9605263157894737,0.02368421052631579
mug,mug_00005.jpg,432,600,0.56,0.041666666666666664,0.9745370370370371,0.2708333333333333
mug,mug_00005.jpg,432,600,0.975,0.46166666666666667,0.6712962962962963,0.0023148148148148147
scissors,scissors00052.jpg,255,350,0.9742857142857143,0.03428571428571429,0.9568627450980393,0.047058823529411764
calculator,calculator00061.jpg,429,640,0.7625,0.2953125,0.9906759906759907,0.12354312354312354
notebook,notebook00065.jpg,360,360,0.9777777777777777,0.002777777777777778,0.8611111111111112,0.002777777777777778
notebook,notebook00065.jpg,360,360,0.9638888888888889,0.5444444444444444,0.7194444444444444,0.3194444444444444
notebook,notebook00030.jpg,2475,4080,1.0,0.001715686274509804,0.997979797979798,0.0044444444444444444
postit_notes,postitnotes_00067.jpg,399,600,0.2633333333333333,0.05333333333333334,0.6867167919799498,0.3609022556390977
postit_notes,postitnotes_00067.jpg,399,600,0.49,0.275,0.6942355889724311,0.3583959899749373
postit_notes,postitnotes_00067.jpg,399,600,0.7066666666666667,0.51,0.7042606516290727,0.41604010025062654
postit_notes,postitnotes_00067.jpg,399,600,0.9516666666666667,0.735,0.6992481203007519,0.3684210526315789
ruler,ruler00027.jpg,1284,1600,0.710625,0.21,1.0,0.3115264797507788
ruler,ruler00027.jpg,1284,1600,1.0,0.520625,0.8146417445482866,0.2982866043613707
ruler,ruler00027.jpg,1284,1600,0.833125,0.365625,0.5116822429906542,0.000778816199376947
ruler,ruler00027.jpg,1284,1600,0.523125,0.000625,0.45716510903426794,0.1394080996884735
mug,mug_00054.jpg,454,530,0.730188679245283,0.360377358490566,0.7951541850220264,0.3656387665198238
scissors,scissors00070.jpg,151,200,0.86,0.22,0.5960264900662252,0.25165562913907286
scissors,scissors00070.jpg,151,200,0.765,0.135,0.7748344370860927,0.45695364238410596
pen,pen_00035.jpg,774,1200,1.0,0.11,0.896640826873385,0.6369509043927648
mug,mug_00045.jpg,300,300,0.98,0.01,0.9666666666666667,0.0033333333333333335
lamp,lamp00032.jpg,460,460,0.9173913043478261,0.08478260869565217,0.9891304347826086,0.006521739130434782
laptop,laptop00021.jpg,2448,3264,0.44730392156862747,0.0024509803921568627,0.8006535947712419,0.28145424836601307
pen,pen_00036.jpg,2262,2000,1.0,0.4845,0.9372236958443855,0.05658709106984969
scissors,scissors00004.jpg,1112,717,0.7698744769874477,0.2649930264993027,0.9703237410071942,0.05665467625899281
ruler,ruler00006.jpg,472,628,1.0,0.0015923566878980893,0.5783898305084746,0.3411016949152542
paper_clip,paperclip00050.jpg,659,908,0.5814977973568282,0.42070484581497797,0.9013657056145675,0.09863429438543247
laptop,laptop00031.jpg,2328,3234,0.9795918367346939,0.09214594928880643,0.961340206185567,0.044673539518900345
notebook,notebook00044.jpg,1000,1333,0.9549887471867967,0.019504876219054765,0.873,0.042
calculator,calculator00027.jpg,2263,1101,0.9963669391462306,0.008174386920980926,0.9942554131683606,0.0004418912947414936
mug,mug_00023.jpg,2304,3072,0.919921875,0.240234375,0.9227430555555556,0.10460069444444445
mug,mug_00022.jpg,1074,1598,0.4330413016270338,0.02065081351689612,0.8845437616387337,0.2756052141527002
mug,mug_00022.jpg,1074,1598,0.9380475594493116,0.5225281602002503,0.8789571694599627,0.26536312849162014
laptop,laptop00023.jpg,1536,1634,0.9993880048959608,0.0006119951040391676,0.998046875,0.0006510416666666666
pen,pen_00009.jpg,2048,3072,0.9072265625,0.06380208333333333,0.78466796875,0.3037109375
scissors,scissors00075.jpg,340,604,0.847682119205298,0.11589403973509933,0.7647058823529411,0.2735294117647059
notebook,pen_00063.jpg,733,1372,0.9300291545189504,0.05174927113702624,0.757162346521146,0.28512960436562074
laptop,laptop00014.jpg,1667,2500,0.7876,0.1668,0.8950209958008398,0.029394121175764846
calculator,calculator00011.jpg,800,440,0.9590909090909091,0.04090909090909091,0.9925,0.01625
lamp,lamp00016.jpg,380,267,1.0,0.003745318352059925,0.9894736842105263,0.005263157894736842
postit_notes,postitnotes_00018.jpg,403,403,0.3349875930521092,0.034739454094292806,0.34739454094292804,0.05459057071960298
postit_notes,postitnotes_00018.jpg,403,403,0.3250620347394541,0.02977667493796526,0.9478908188585607,0.6650124069478908
postit_notes,postitnotes_00018.jpg,403,403,0.6426799007444168,0.3424317617866005,0.9578163771712159,0.652605459057072
postit_notes,postitnotes_00018.jpg,403,403,0.9354838709677419,0.6501240694789082,0.9528535980148883,0.6724565756823822
postit_notes,postitnotes_00018.jpg,403,403,0.6228287841191067,0.3424317617866005,0.3399503722084367,0.05955334987593052
postit_notes,postitnotes_00018.jpg,403,403,0.9429280397022333,0.6501240694789082,0.3598014888337469,0.04962779156327544
postit_notes,postitnotes_00018.jpg,403,403,0.9404466501240695,0.6377171215880894,0.6674937965260546,0.3573200992555831
postit_notes,postitnotes_00018.jpg,403,403,0.3548387096774194,0.04962779156327544,0.6550868486352357,0.34987593052109184
postit_notes,postitnotes_00018.jpg,403,403,0.6253101736972705,0.3349875930521092,0.6377171215880894,0.34739454094292804
pen,pen_00061.jpg,450,600,0.9016666666666666,0.085,0.6377777777777778,0.4111111111111111
notebook,pen_00061.jpg,450,600,1.0,0.0016666666666666668,0.9977777777777778,0.0022222222222222222
notebook,notebook00002.jpg,352,530,0.7962264150943397,0.17735849056603772,0.84375,0.06818181818181818
postit_notes,postitnotes_00050.jpg,612,612,0.2042483660130719,0.032679738562091505,0.47549019607843135,0.34967320261437906
postit_notes,postitnotes_00050.jpg,612,612,0.18627450980392157,0.03431372549019608,0.5996732026143791,0.46568627450980393
postit_notes,postitnotes_00050.jpg,612,612,0.16176470588235295,0.0392156862745098,0.75,0.5980392156862745
postit_notes,postitnotes_00050.jpg,612,612,0.1781045751633987,0.0392156862745098,0.9591503267973857,0.7875816993464052
postit_notes,postitnotes_00050.jpg,612,612,0.39052287581699346,0.16176470588235295,0.9656862745098039,0.7826797385620915
postit_notes,postitnotes_00050.jpg,612,612,0.5931372549019608,0.3872549019607843,0.9689542483660131,0.7908496732026143
postit_notes,postitnotes_00050.jpg,612,612,0.9607843137254902,0.5947712418300654,0.9640522875816994,0.7843137254901961
postit_notes,postitnotes_00050.jpg,612,612,0.8562091503267973,0.6143790849673203,0.7875816993464052,0.5098039215686274
postit_notes,postitnotes_00050.jpg,612,612,0.40522875816993464,0.20098039215686275,0.5212418300653595,0.35130718954248363
postit_notes,postitnotes_00050.jpg,612,612,0.3888888888888889,0.1503267973856209,0.7581699346405228,0.5081699346405228
postit_notes,postitnotes_00050.jpg,612,612,0.619281045751634,0.39705882352941174,0.5196078431372549,0.3660130718954248
postit_notes,postitnotes_00050.jpg,612,612,0.6160130718954249,0.3839869281045752,0.7859477124183006,0.511437908496732
postit_notes,postitnotes_00050.jpg,612,612,0.43300653594771243,0.03758169934640523,0.1830065359477124,0.03758169934640523
postit_notes,postitnotes_00050.jpg,612,612,0.9656862745098039,0.6176470588235294,0.6290849673202614,0.3660130718954248
postit_notes,postitnotes_00050.jpg,612,612,0.9656862745098039,0.8284313725490197,0.23529411764705882,0.0718954248366013
postit_notes,postitnotes_00050.jpg,612,612,0.6127450980392157,0.4166666666666667,0.369281045751634,0.21568627450980393
postit_notes,postitnotes_00050.jpg,612,612,0.8202614379084967,0.6160130718954249,0.3709150326797386,0.21895424836601307
postit_notes,postitnotes_00050.jpg,612,612,0.8284313725490197,0.630718954248366,0.2238562091503268,0.08006535947712418
postit_notes,postitnotes_00050.jpg,612,612,0.6339869281045751,0.42483660130718953,0.21895424836601307,0.08006535947712418
scissors,scissors00073.jpg,467,700,0.9428571428571428,0.08285714285714285,0.8051391862955032,0.2740899357601713
lamp,lamp00050.jpg,847,731,0.8084815321477428,0.18741450068399454,0.9846517119244392,0.014167650531286895
paper_clip,paperclip00055.jpg,246,300,0.9233333333333333,0.05,0.9065040650406504,0.08536585365853659
notebook,notebook00054.jpg,512,512,0.94921875,0.05078125,0.90625,0.05078125
laptop,laptop00030.jpg,225,300,0.85,0.11,1.0,0.0044444444444444444
pen,notebook00057.jpg,2129,3200,0.5746875,0.50875,0.8567402536402067,0.13762329732268672
notebook,notebook00057.jpg,2129,3200,0.895,0.180625,0.9037106622827619,0.09581963363081258
laptop,laptop00060.jpg,2112,2816,0.7464488636363636,0.18039772727272727,0.9422348484848485,0.03598484848484849
pen,pen_00001.jpg,400,660,0.7121212121212122,0.13636363636363635,0.51,0.1775
pen,pen_00001.jpg,400,660,0.6727272727272727,0.08787878787878788,0.8125,0.46
lamp,lamp00007.jpg,600,600,0.68,0.30333333333333334,1.0,0.0016666666666666668
lamp,lamp00012.jpg,600,600,0.195,0.051666666666666666,0.845,0.61
lamp,lamp00012.jpg,600,600,0.23833333333333334,0.07166666666666667,0.355,0.15833333333333333
lamp,lamp00012.jpg,600,600,0.8783333333333333,0.615,0.9816666666666667,0.5066666666666667
lamp,lamp00012.jpg,600,600,0.9683333333333334,0.525,0.4766666666666667,0.02
scissors,scissors00058.jpg,426,640,0.9140625,0.0296875,1.0,0.051643192488262914
scissors,scissors00026.jpg,1728,2592,0.8368055555555556,0.10648148148148148,0.8003472222222222,0.2488425925925926
lamp,lamp00056.jpg,664,600,0.9333333333333333,0.4166666666666667,0.9593373493975904,0.015060240963855422
laptop,lamp00056.jpg,664,600,0.7033333333333334,0.0016666666666666668,0.7560240963855421,0.0015060240963855422
scissors,scissors00031.jpg,1200,1600,0.891875,0.065625,0.745,0.25416666666666665
laptop,laptop00033.jpg,1984,2036,0.9837917485265226,0.004911591355599214,0.983366935483871,0.005040322580645161
lamp,lamp00030.jpg,1200,1600,0.955,0.291875,0.6825,0.021666666666666667
calculator,calculator00052.jpg,3600,2400,0.855,0.13291666666666666,0.9688888888888889,0.03777777777777778
postit_notes,postitnotes_00003.jpg,900,1600,0.841875,0.46375,0.8511111111111112,0.1411111111111111
paper_clip,paperclip00014.jpg,389,584,0.4897260273972603,0.410958904109589,0.9691516709511568,0.9151670951156813
paper_clip,paperclip00014.jpg,389,584,0.4280821917808219,0.3407534246575342,0.8637532133676092,0.8226221079691517
paper_clip,paperclip00014.jpg,389,584,0.7773972602739726,0.7054794520547946,0.8688946015424165,0.8097686375321337
paper_clip,paperclip00014.jpg,389,584,0.6797945205479452,0.613013698630137,0.9460154241645244,0.8817480719794345
paper_clip,paperclip00014.jpg,389,584,0.5993150684931506,0.523972602739726,0.9048843187660668,0.8586118251928021
paper_clip,paperclip00014.jpg,389,584,0.535958904109589,0.4623287671232877,0.8123393316195373,0.7634961439588689
paper_clip,paperclip00014.jpg,389,584,0.6164383561643836,0.5462328767123288,0.7994858611825193,0.7583547557840618
paper_clip,paperclip00014.jpg,389,584,0.6506849315068494,0.577054794520548,0.87146529562982,0.8277634961439588
paper_clip,paperclip00014.jpg,389,584,0.577054794520548,0.5034246575342466,0.8663239074550129,0.8200514138817481
paper_clip,paperclip00014.jpg,389,584,0.5256849315068494,0.4486301369863014,0.8483290488431876,0.8149100257069408
paper_clip,paperclip00014.jpg,389,584,0.6866438356164384,0.6523972602739726,0.8226221079691517,0.6838046272493573
postit_notes,postitnotes_00019.jpg,297,300,0.9733333333333334,0.11,0.9629629629629629,0.16161616161616163
notebook,notebook00004.jpg,400,600,0.9183333333333333,0.09333333333333334,0.9275,0.0175
scissors,scissors00019.jpg,2160,3780,0.982010582010582,0.017724867724867723,0.962037037037037,0.03287037037037037
scissors,scissors00030.jpg,3240,4320,0.42986111111111114,0.16319444444444445,0.8842592592592593,0.6345679012345679
scissors,scissors00030.jpg,3240,4320,0.5879629629629629,0.30115740740740743,0.858641975308642,0.5876543209876544
scissors,scissors00030.jpg,3240,4320,0.694675925925926,0.45092592592592595,0.8197530864197531,0.5929012345679012
scissors,scissors00030.jpg,3240,4320,0.7993055555555556,0.5828703703703704,0.7916666666666666,0.5904320987654321
scissors,scissors00030.jpg,3240,4320,0.5104166666666666,0.18032407407407408,0.4722222222222222,0.229320987654321
scissors,scissors00030.jpg,3240,4320,0.6252314814814814,0.33125,0.44938271604938274,0.2280864197530864
scissors,scissors00030.jpg,3240,4320,0.7518518518518519,0.4962962962962963,0.4425925925925926,0.23734567901234568
scissors,scissors00030.jpg,3240,4320,0.8395833333333333,0.6222222222222222,0.42376543209876544,0.2361111111111111
mug,mug_00034.jpg,500,500,0.964,0.062,0.896,0.106
lamp,lamp00047.jpg,600,600,0.9033333333333333,0.40166666666666667,0.7583333333333333,0.16666666666666666
laptop,lamp00047.jpg,600,600,0.4816666666666667,0.0016666666666666668,0.86,0.3566666666666667
notebook,lamp00047.jpg,600,600,0.9816666666666667,0.36833333333333335,0.9716666666666667,0.74
pen,lamp00047.jpg,600,600,0.8233333333333334,0.7333333333333333,0.92,0.815
mug,lamp00047.jpg,600,600,1.0,0.9233333333333333,0.8466666666666667,0.6483333333333333
mug,mug_00057.jpg,293,500,0.51,0.044,0.9180887372013652,0.07167235494880546
mug,mug_00057.jpg,293,500,0.964,0.51,0.8976109215017065,0.06825938566552901
paper_clip,paperclip00024.jpg,1273,1782,0.8945005611672279,0.11616161616161616,0.8750981932443048,0.16025137470542028
paper_clip,paperclip00060.jpg,600,800,0.3875,0.2,0.6633333333333333,0.47
paper_clip,paperclip00060.jpg,600,800,0.58875,0.34875,0.94,0.57
paper_clip,paperclip00060.jpg,600,800,0.685,0.5425,0.6783333333333333,0.41333333333333333
paper_clip,paperclip00060.jpg,600,800,0.90375,0.675,0.37,0.27166666666666667
paper_clip,paperclip00060.jpg,600,800,0.7975,0.6125,0.2866666666666667,0.23
paper_clip,paperclip00060.jpg,600,800,0.09125,0.00125,0.345,0.23666666666666666
paper_clip,paperclip00060.jpg,600,800,0.11125,0.025,0.275,0.20333333333333334
paper_clip,paperclip00060.jpg,600,800,0.795,0.6975,0.20666666666666667,0.11
paper_clip,paperclip00060.jpg,600,800,0.4625,0.3325,0.235,0.16833333333333333
paper_clip,paperclip00060.jpg,600,800,0.44125,0.3225,0.18333333333333332,0.115
paper_clip,paperclip00068.jpg,536,800,0.70375,0.52125,0.9589552238805971,0.625
paper_clip,paperclip00068.jpg,536,800,0.51,0.32,0.9552238805970149,0.6175373134328358
paper_clip,paperclip00068.jpg,536,800,0.5475,0.4725,0.9365671641791045,0.5578358208955224
paper_clip,paperclip00068.jpg,536,800,0.6375,0.52125,0.9701492537313433,0.5746268656716418
paper_clip,paperclip00068.jpg,536,800,0.5,0.36875,0.9645522388059702,0.5802238805970149
mug,mug_00050.jpg,450,450,0.9911111111111112,0.013333333333333334,0.8644444444444445,0.16
laptop,laptop00047.jpg,768,1024,0.876953125,0.1806640625,0.9908854166666666,0.0013020833333333333
pen,pen_00013.jpg,853,1280,0.85703125,0.35625,0.5650644783118406,0.1160609613130129
notebook,pen_00013.jpg,853,1280,0.93203125,0.08828125,0.8757327080890973,0.09964830011723329
scissors,scissors00027.jpg,768,1024,0.8671875,0.111328125,0.68359375,0.25
laptop,laptop00035.jpg,2134,2706,0.5894308943089431,0.07243163340724317,0.7399250234301781,0.20196813495782567
laptop,laptop00035.jpg,2134,2706,0.983370288248337,0.016999260901699925,0.9779756326148079,0.01218369259606373
lamp,lamp00028.jpg,629,550,0.5218181818181818,0.1509090909090909,0.7297297297297297,0.23052464228934816
laptop,laptop00015.jpg,1712,2288,0.7613636363636364,0.10358391608391608,0.9205607476635514,0.09813084112149532
scissors,scissors00005.jpg,387,538,0.6672862453531598,0.024163568773234202,0.6950904392764858,0.3359173126614987
scissors,scissors00005.jpg,387,538,0.7732342007434945,0.18587360594795538,0.6382428940568475,0.28940568475452194
scissors,scissors00005.jpg,387,538,0.8736059479553904,0.31970260223048325,0.5581395348837209,0.24031007751937986
scissors,scissors00005.jpg,387,538,0.9628252788104089,0.44052044609665425,0.5012919896640827,0.19896640826873385
lamp,lamp00002.jpg,360,360,0.8972222222222223,0.09166666666666666,1.0,0.002777777777777778
lamp,lamp00054.jpg,312,330,0.9878787878787879,0.02727272727272727,0.9871794871794872,0.028846153846153848
notebook,notebook00059.jpg,450,450,0.9111111111111111,0.011111111111111112,0.9933333333333333,0.042222222222222223
pen,notebook00059.jpg,450,450,0.9844444444444445,0.9,0.7622222222222222,0.26222222222222225
mug,mug_00029.jpg,800,730,0.9726027397260274,0.36027397260273974,0.94625,0.465
mug,mug_00029.jpg,800,730,0.7013698630136986,0.07260273972602739,0.59625,0.08875
calculator,calculator00038.jpg,689,356,0.9747191011235955,0.011235955056179775,1.0,0.005805515239477504
notebook,notebook00042.jpg,500,680,0.5191176470588236,0.075,0.762,0.37
scissors,scissors00044.jpg,600,600,0.91,0.06166666666666667,0.76,0.21
mug,mug_00044.jpg,2175,3209,0.9183546276098473,0.6004985976939856,0.7039080459770115,0.17977011494252873
mug,mug_00044.jpg,2175,3209,0.5780617014646308,0.23184792770333437,0.9457471264367816,0.34942528735632183
mug,mug_00044.jpg,2175,3209,0.30570271112496106,0.009971953879713306,0.6606896551724138,0.10896551724137932
ruler,ruler00017.jpg,1836,4381,1.0,0.014380278475233965,0.9880174291938998,0.017429193899782137
paper_clip,paperclip00020.jpg,1368,1824,0.8432017543859649,0.125,0.9181286549707602,0.2273391812865497
scissors,scissors00071.jpg,320,320,1.0,0.003125,1.0,0.034375
calculator,calculator00009.jpg,427,640,0.996875,0.0015625,0.9976580796252927,0.00234192037470726
notebook,notebook00021.jpg,322,251,0.9840637450199203,0.01195219123505976,0.9906832298136646,0.003105590062111801
pen,pen_00006.jpg,1353,2150,0.8879069767441861,0.053488372093023255,0.35107169253510717,0.22246858832224686
pen,pen_00006.jpg,1353,2150,0.9097674418604651,0.035348837209302326,0.4759793052475979,0.3436807095343681
pen,pen_00006.jpg,1353,2150,0.9427906976744186,0.0069767441860465115,0.6193643754619365,0.4626755358462675
pen,pen_00006.jpg,1353,2150,0.9967441860465116,0.0018604651162790699,0.8048780487804879,0.5698447893569845
scissors,scissors00065.jpg,478,640,0.796875,0.1546875,0.7531380753138075,0.3138075313807531
notebook,notebook00036.jpg,2201,2656,0.9887048192771084,0.00941265060240964,1.0,0.007269422989550204
ruler,ruler00023.jpg,188,636,0.9748427672955975,0.0031446540880503146,0.5638297872340425,0.2712765957446808
laptop,laptop00042.jpg,1500,2000,0.982,0.0055,0.9686666666666667,0.012666666666666666
calculator,calculator00072.jpg,414,200,1.0,0.005,0.9782608695652174,0.0024154589371980675
scissors,scissors00036.jpg,473,299,0.8662207357859532,0.17725752508361203,0.9915433403805497,0.5602536997885835
scissors,scissors00036.jpg,473,299,1.0,0.013377926421404682,0.547568710359408,0.3488372093023256
ruler,ruler00031.jpg,194,500,1.0,0.002,0.9020618556701031,0.38144329896907214
mug,mug_00027.jpg,459,530,0.809433962264151,0.10566037735849057,0.8997821350762527,0.13507625272331156
calculator,calculator00059.jpg,2953,4429,0.635357868593362,0.35832016256491306,0.9641043007111412,0.055198103623433796
mug,mug_00032.jpg,553,600,0.915,0.2,0.8679927667269439,0.14285714285714285
mug,mug_00011.jpg,1087,1024,0.9990234375,0.0009765625,0.9926402943882244,0.0009199632014719411
lamp,lamp00057.jpg,460,460,0.8065217391304348,0.1956521739130435,1.0,0.002173913043478261
lamp,lamp00035.jpg,413,550,0.2581818181818182,0.03636363636363636,0.7142857142857143,0.3389830508474576
ruler,ruler00041.jpg,1200,1600,0.999375,0.0675,0.7733333333333333,0.5933333333333334
ruler,ruler00041.jpg,1200,1600,0.9625,0.065,0.5766666666666667,0.4375
ruler,ruler00041.jpg,1200,1600,0.958125,0.070625,0.44166666666666665,0.2991666666666667
calculator,calculator00067.jpg,1246,656,0.9466463414634146,0.056402439024390245,0.9807383627608347,0.028089887640449437
ruler,ruler00013.jpg,954,2048,0.96630859375,0.0205078125,0.6331236897274634,0.34276729559748426
calculator,calculator00025.jpg,2396,1415,0.9879858657243816,0.028975265017667843,0.986644407345576,0.011268781302170284
scissors,scissors00063.jpg,441,640,0.890625,0.1265625,0.7551020408163265,0.272108843537415
mug,mug_00012.jpg,2000,3008,0.7746010638297872,0.20611702127659576,0.895,0.0015
scissors,scissors00035.jpg,1874,2527,0.9936683814800158,0.009101701622477245,0.9871931696905016,0.017609391675560297
scissors,scissors00047.jpg,204,220,0.95,0.5181818181818182,0.9509803921568627,0.07352941176470588
scissors,scissors00047.jpg,204,220,0.4909090909090909,0.06363636363636363,0.9362745098039216,0.05392156862745098
mug,mug_00055.jpg,352,530,0.4660377358490566,0.04150943396226415,0.90625,0.21875
mug,mug_00055.jpg,352,530,0.9358490566037736,0.5867924528301887,0.7045454545454546,0.1534090909090909
notebook,notebook00029.jpg,3084,4626,0.8908344141807177,0.32879377431906615,0.9396887159533074,0.18450064850843062
notebook,notebook00029.jpg,3084,4626,0.7135754431474276,0.2883700821444012,0.8005836575875487,0.14526588845654995
notebook,notebook00029.jpg,3084,4626,0.554907047124946,0.14332036316472113,0.8343060959792478,0.1507782101167315
calculator,calculator00021.jpg,1560,3034,1.0,0.001977587343441002,0.9794871794871794,0.01217948717948718
pen,pen_00048.jpg,308,460,0.9130434782608695,0.0782608695652174,0.8961038961038961,0.09415584415584416
notebook,notebook00006.jpg,353,530,0.9981132075471698,0.04905660377358491,0.9093484419263456,0.0028328611898017
lamp,lamp00023.jpg,3264,2448,0.9526143790849673,0.07883986928104575,0.8881740196078431,0.012867647058823529
mug,mug_00003.jpg,381,530,0.6283018867924528,0.0037735849056603774,0.8976377952755905,0.04199475065616798
mug,mug_00003.jpg,381,530,0.9981132075471698,0.5188679245283019,0.6719160104986877,0.0026246719160104987
pen,pen_00046.jpg,425,640,0.796875,0.1453125,0.7035294117647058,0.49411764705882355
postit_notes,postitnotes_00038.jpg,426,640,0.578125,0.0234375,0.8615023474178404,0.10093896713615023
postit_notes,postitnotes_00042.jpg,1200,1600,0.35375,0.255,0.2991666666666667,0.16666666666666666
postit_notes,postitnotes_00042.jpg,1200,1600,0.35,0.244375,0.43916666666666665,0.31416666666666665
postit_notes,postitnotes_00042.jpg,1200,1600,0.4575,0.3575,0.44583333333333336,0.30916666666666665
postit_notes,postitnotes_00042.jpg,1200,1600,0.455,0.35625,0.30083333333333334,0.17416666666666666
postit_notes,postitnotes_00042.jpg,1200,1600,0.559375,0.46125,0.30083333333333334,0.17166666666666666
postit_notes,postitnotes_00042.jpg,1200,1600,0.56,0.461875,0.44333333333333336,0.30916666666666665
postit_notes,postitnotes_00042.jpg,1200,1600,0.661875,0.565,0.30083333333333334,0.1725
postit_notes,postitnotes_00042.jpg,1200,1600,0.661875,0.564375,0.44416666666666665,0.31416666666666665
postit_notes,postitnotes_00042.jpg,1200,1600,0.769375,0.674375,0.305,0.1825
postit_notes,postitnotes_00042.jpg,1200,1600,0.76875,0.669375,0.4425,0.31083333333333335
postit_notes,postitnotes_00042.jpg,1200,1600,0.348125,0.249375,0.575,0.4425
postit_notes,postitnotes_00042.jpg,1200,1600,0.348125,0.24375,0.7166666666666667,0.5783333333333334
postit_notes,postitnotes_00042.jpg,1200,1600,0.349375,0.243125,0.8666666666666667,0.7241666666666666
postit_notes,postitnotes_00042.jpg,1200,1600,0.455,0.353125,0.8675,0.7233333333333334
postit_notes,postitnotes_00042.jpg,1200,1600,0.45125,0.353125,0.7208333333333333,0.5791666666666667
postit_notes,postitnotes_00042.jpg,1200,1600,0.45625,0.35375,0.5833333333333334,0.44416666666666665
postit_notes,postitnotes_00042.jpg,1200,1600,0.556875,0.459375,0.5825,0.44333333333333336
postit_notes,postitnotes_00042.jpg,1200,1600,0.560625,0.460625,0.72,0.5816666666666667
postit_notes,postitnotes_00042.jpg,1200,1600,0.565625,0.463125,0.8633333333333333,0.725
postit_notes,postitnotes_00042.jpg,1200,1600,0.665,0.565625,0.5833333333333334,0.4483333333333333
postit_notes,postitnotes_00042.jpg,1200,1600,0.766875,0.66875,0.5808333333333333,0.44666666666666666
postit_notes,postitnotes_00042.jpg,1200,1600,0.66375,0.564375,0.7233333333333334,0.5841666666666666
postit_notes,postitnotes_00042.jpg,1200,1600,0.764375,0.66375,0.7216666666666667,0.5866666666666667
postit_notes,postitnotes_00042.jpg,1200,1600,0.666875,0.565,0.8675,0.725
postit_notes,postitnotes_00042.jpg,1200,1600,0.77125,0.66875,0.86,0.7233333333333334
lamp,lamp00025.jpg,460,460,0.9630434782608696,0.034782608695652174,0.9565217391304348,0.02608695652173913
mug,mug_00033.jpg,478,600,0.8816666666666667,0.14,0.9686192468619247,0.06903765690376569
laptop,laptop00066.jpg,480,640,0.8765625,0.08125,0.9958333333333333,0.0020833333333333333
lamp,lamp00031.jpg,380,363,0.9889807162534435,0.005509641873278237,0.9973684210526316,0.007894736842105263
notebook,notebook00034.jpg,464,600,0.9933333333333333,0.006666666666666667,0.9827586206896551,0.0021551724137931034
scissors,scissors00016.jpg,2736,3648,0.9898574561403509,0.03344298245614035,0.881578947368421,0.05263157894736842
calculator,calculator00034.jpg,1995,2781,0.9510967277957569,0.025530384753685725,0.8751879699248121,0.05213032581453634
laptop,laptop00037.jpg,4000,6000,0.9008333333333334,0.19816666666666666,0.99525,0.177
scissors,scissors00054.jpg,960,1280,0.98203125,0.034375,0.7791666666666667,0.34270833333333334
ruler,ruler00015.jpg,916,1007,1.0,0.47765640516385305,0.9519650655021834,0.001091703056768559
notebook,notebook00013.jpg,400,600,0.8916666666666667,0.075,0.935,0.0525
pen,pen_00014.jpg,2079,3072,0.7923177083333334,0.10611979166666667,0.7296777296777297,0.6132756132756133
paper_clip,paperclip00053.jpg,219,292,0.9931506849315068,0.003424657534246575,0.8904109589041096,0.1187214611872146
laptop,laptop00019.jpg,800,930,0.953763440860215,0.03870967741935484,0.9325,0.0625
scissors,scissors00014.jpg,400,400,0.98,0.0075,0.705,0.2875
laptop,laptop00001.jpg,1159,2625,0.9912380952380953,0.06476190476190476,0.9283865401207938,0.031061259706643658
notebook,notebook00067.jpg,2450,2982,0.8782696177062375,0.13715627095908786,0.9387755102040817,0.05795918367346939
scissors,scissors00003.jpg,165,220,0.95,0.01818181818181818,0.8424242424242424,0.21212121212121213
calculator,calculator00012.jpg,400,600,0.99,0.028333333333333332,0.8925,0.0875
paper_clip,paperclip00042.jpg,497,498,0.9497991967871486,0.07429718875502007,0.6639839034205232,0.24949698189134809
pen,pen_00018.jpg,2736,3648,0.9328399122807017,0.41502192982456143,0.8435672514619883,0.04861111111111111
pen,pen_00018.jpg,2736,3648,0.8193530701754386,0.08607456140350878,0.410453216374269,0.23026315789473684
pen,pen_00018.jpg,2736,3648,0.9163925438596491,0.14967105263157895,0.501827485380117,0.18457602339181287
pen,pen_00018.jpg,2736,3648,0.9575109649122807,0.2760416666666667,0.6703216374269005,0.09466374269005848
paper_clip,paperclip00047.jpg,232,225,0.9822222222222222,0.013333333333333334,0.978448275862069,0.01293103448275862
pen,pen_00041.jpg,750,1000,0.921,0.109,0.6133333333333333,0.4533333333333333
paper_clip,paperclip00066.jpg,480,640,0.99375,0.028125,0.6333333333333333,0.25
calculator,calculator00045.jpg,2048,1536,0.9713541666666666,0.037109375,0.94287109375,0.08251953125
paper_clip,paperclip00002.jpg,165,220,0.8954545454545455,0.12272727272727273,0.9636363636363636,0.006060606060606061
paper_clip,paperclip00026.jpg,860,966,0.855072463768116,0.07556935817805382,0.7116279069767442,0.010465116279069767
scissors,scissors00034.jpg,2848,4288,0.8311567164179104,0.04011194029850746,0.6853932584269663,0.257373595505618
lamp,lamp00029.jpg,330,184,0.9239130434782609,0.043478260869565216,0.8939393939393939,0.03939393939393939
laptop,laptop00028.jpg,2592,3888,1.0,0.07664609053497942,0.9992283950617284,0.005787037037037037
mug,mug_00046.jpg,730,730,0.8397260273972603,0.10136986301369863,0.9123287671232877,0.1684931506849315
calculator,calculator00020.jpg,2260,1200,0.94,0.043333333333333335,1.0,0.017699115044247787
postit_notes,postitnotes_00043.jpg,490,400,0.3975,0.07,0.8122448979591836,0.6040816326530613
postit_notes,postitnotes_00043.jpg,490,400,0.9275,0.5325,0.8326530612244898,0.5918367346938775
postit_notes,postitnotes_00043.jpg,490,400,0.445,0.0825,0.3489795918367347,0.10204081632653061
postit_notes,postitnotes_00043.jpg,490,400,0.9275,0.55,0.336734693877551,0.08775510204081632
laptop,laptop00062.jpg,1440,1920,1.0,0.4791666666666667,0.9638888888888889,0.20625
laptop,laptop00062.jpg,1440,1920,0.48020833333333335,0.0015625,0.9180555555555555,0.1840277777777778
calculator,calculator00036.jpg,2792,2078,0.8330125120307988,0.07025986525505294,0.9982091690544412,0.004656160458452722
mug,mug_00010.jpg,2488,2489,0.8119726797910808,0.14584170349537967,0.9360932475884244,0.12057877813504823
pen,pen_00032.jpg,1395,2235,0.9803131991051454,0.024608501118568233,0.9827956989247312,0.021505376344086023
postit_notes,postitnotes_00027.jpg,283,424,0.9174528301886793,0.07311320754716981,1.0,0.11307420494699646
postit_notes,postitnotes_00027.jpg,283,424,0.8915094339622641,0.025943396226415096,0.911660777385159,0.007067137809187279
postit_notes,postitnotes_00027.jpg,283,424,0.8231132075471698,0.02122641509433962,0.9681978798586572,0.024734982332155476
postit_notes,postitnotes_00027.jpg,283,424,0.7594339622641509,0.13679245283018868,0.42402826855123676,0.0035335689045936395
lamp,lamp00027.jpg,786,550,0.38181818181818183,0.03090909090909091,0.3104325699745547,0.003816793893129771
postit_notes,postitnotes_00026.jpg,480,640,0.3765625,0.115625,0.14166666666666666,0.0020833333333333333
postit_notes,postitnotes_00026.jpg,480,640,0.3734375,0.1203125,0.35208333333333336,0.14375
postit_notes,postitnotes_00026.jpg,480,640,0.3640625,0.1,0.575,0.39375
postit_notes,postitnotes_00026.jpg,480,640,0.3546875,0.0875,0.83125,0.6270833333333333
postit_notes,postitnotes_00026.jpg,480,640,0.3640625,0.0890625,0.9979166666666667,0.8520833333333333
postit_notes,postitnotes_00026.jpg,480,640,0.746875,0.4609375,0.37916666666666665,0.16875
postit_notes,postitnotes_00026.jpg,480,640,0.75625,0.45625,0.6354166666666666,0.39791666666666664
postit_notes,postitnotes_00026.jpg,480,640,0.7453125,0.45,0.8666666666666667,0.6625
postit_notes,postitnotes_00026.jpg,480,640,1.0,0.8109375,0.375,0.1625
postit_notes,postitnotes_00026.jpg,480,640,1.0,0.8140625,0.5979166666666667,0.3958333333333333
postit_notes,postitnotes_00026.jpg,480,640,1.0,0.809375,0.8625,0.6458333333333334
postit_notes,postitnotes_00026.jpg,480,640,1.0,0.8125,0.9979166666666667,0.9020833333333333
postit_notes,postitnotes_00026.jpg,480,640,0.7484375,0.45,0.9979166666666667,0.9104166666666667
postit_notes,postitnotes_00026.jpg,480,640,0.753125,0.478125,0.14375,0.0020833333333333333
postit_notes,postitnotes_00026.jpg,480,640,1.0,0.8265625,0.12708333333333333,0.0020833333333333333
postit_notes,postitnotes_00026.jpg,480,640,0.0546875,0.0015625,0.8,0.6020833333333333
postit_notes,postitnotes_00026.jpg,480,640,0.0578125,0.0015625,0.5604166666666667,0.37916666666666665
postit_notes,postitnotes_00026.jpg,480,640,0.03125,0.0015625,0.3416666666666667,0.1375
postit_notes,postitnotes_00026.jpg,480,640,0.0640625,0.0015625,0.125,0.0020833333333333333
laptop,laptop00010.jpg,1554,1294,1.0,0.0038639876352395673,0.9948519948519948,0.007078507078507079
notebook,notebook00025.jpg,1944,2592,1.0,0.018132716049382717,0.8245884773662552,0.08693415637860083
mug,mug_00031.jpg,398,530,0.7188679245283018,0.330188679245283,0.7889447236180904,0.17336683417085427
lamp,lamp00018.jpg,460,460,0.9391304347826087,0.08043478260869565,0.991304347826087,0.010869565217391304
scissors,scissors00066.jpg,480,640,0.984375,0.0015625,0.7895833333333333,0.13125
mug,mug_00024.jpg,1116,1080,0.9629629629629629,0.10092592592592593,0.9695340501792115,0.08512544802867383
ruler,ruler00026.jpg,536,700,0.9785714285714285,0.025714285714285714,0.9272388059701493,0.03731343283582089
notebook,notebook00063.jpg,450,600,0.9216666666666666,0.07666666666666666,0.94,0.04666666666666667
calculator,calculator00002.jpg,293,220,0.9045454545454545,0.09545454545454546,0.9931740614334471,0.0034129692832764505
pen,pen_00015.jpg,1536,2048,0.88232421875,0.08740234375,0.7858072916666666,0.3248697916666667
paper_clip,paperclip00007.jpg,300,500,0.338,0.272,0.49666666666666665,0.21666666666666667
